Date,Sample_Index,Trait,Method,Measured,Predicted
20250531,1,LMA,RTM,64.47732090359769,63.10131396765444
20250531,2,LMA,RTM,64.26984945700397,63.70553998457237
20250531,3,LMA,RTM,61.95793846533121,63.59028326567038
20250531,4,LMA,RTM,65.30608623128616,63.61689353135084
20250531,5,LMA,RTM,63.32441689226119,61.76949574844575
20250531,6,LMA,RTM,63.49743489736094,68.57436464244755
20250531,7,LMA,RTM,64.88210258106336,64.19341901851753
20250531,8,LMA,RTM,61.93665445006438,65.61277739969267
20250531,9,LMA,RTM,65.0193570834081,65.37929280308383
20250531,10,LMA,RTM,60.22273144491637,65.03554864519133
20250531,11,LMA,RTM,68.62885731974535,62.845258375391865
20250531,12,LMA,RTM,61.10550595460451,63.59874465047982
20250531,13,LMA,RTM,60.93995631715952,66.71945511684315
20250531,14,LMA,RTM,63.901917027649304,66.83219019164947
20250531,15,LMA,RTM,64.18634769764098,64.14189102870719
20250531,16,LMA,RTM,63.97446056455638,60.77336179544005
20250531,17,LMA,RTM,61.982049202520955,58.2848844285469
20250531,18,LMA,RTM,59.9156656925268,58.80787734742753
20250531,19,LMA,RTM,59.52524146908448,59.403172077591286
20250531,20,LMA,RTM,57.09660235825281,70.74020904051712
20250531,21,LMA,RTM,60.82611264207159,64.27443045408468
20250531,22,LMA,RTM,50.95547812742908,59.058711835611966
20250531,23,LMA,RTM,47.31713111009076,62.9183453530363
20250531,24,LMA,RTM,60.884853416162436,58.59865557428573
20250531,25,LMA,RTM,52.950046563191805,58.50679466603413
20250531,26,LMA,RTM,61.047714280920864,64.70401285834328
20250531,27,LMA,RTM,67.85745782712416,64.16361719404185
20250531,28,LMA,RTM,64.37946716021445,65.34663843360957
20250531,29,LMA,RTM,60.362408400971205,63.94052870812307
20250531,30,LMA,RTM,58.33593948118894,62.982626860003585
20250531,31,LMA,RTM,66.71895443039477,64.92873051441804
20250531,32,LMA,RTM,72.52933713065674,64.02774227327139
20250531,33,LMA,RTM,64.8517264960037,64.30929920658986
20250531,34,LMA,RTM,62.904815678232325,63.18149627195752
20250531,35,LMA,RTM,62.50108567840458,66.18730562613666
20250531,36,LMA,RTM,66.22705942536487,67.23211095676555
20250531,37,LMA,RTM,59.46444269965596,64.97006140610512
20250531,38,LMA,RTM,66.07946989844532,64.44697890588034
20250531,39,LMA,RTM,64.04746214834476,62.887674696672526
20250531,40,LMA,RTM,63.71661568576823,65.2346366439883
20250531,41,LMA,RTM,52.944428192792714,59.55215869058268
20250531,42,LMA,RTM,63.86543247909649,61.73746062263228
20250531,43,LMA,RTM,58.40271685500246,60.74051517763186
20250531,44,LMA,RTM,57.62893638670061,57.103382640580215
20250531,45,LMA,RTM,57.55224822871284,58.42107009497726
20250531,46,LMA,RTM,69.67527782856665,63.93146521477298
20250531,47,LMA,RTM,66.50207910513826,63.54578799988454
20250531,48,LMA,RTM,67.92467964561864,64.4974860430514
20250531,49,LMA,RTM,67.4236698619138,63.62693155457996
20250531,50,LMA,RTM,60.99673225655433,64.97781675463916
20250531,51,LMA,RTM,93.82754858597791,68.94920303879351
20250531,52,LMA,RTM,73.1654489871879,65.5806053583438
20250531,53,LMA,RTM,60.753821121188444,64.41788157818738
20250531,54,LMA,RTM,63.695960152290716,64.44973692251605
20250531,55,LMA,RTM,67.07710325914621,65.18879547880888
20250531,56,LMA,RTM,69.96988866832126,59.165034634936006
20250531,57,LMA,RTM,59.40298766566106,58.13634288197558
20250531,58,LMA,RTM,58.74829145988227,59.36953600013824
20250531,59,LMA,RTM,61.327174616919955,57.88447059412932
20250531,60,LMA,RTM,61.40158166568724,58.61303904612987
20250531,1,LMA,ELC,64.47732090359769,63.27174369959067
20250531,2,LMA,ELC,64.26984945700397,64.29581465971357
20250531,3,LMA,ELC,61.95793846533121,64.2937586186375
20250531,4,LMA,ELC,65.30608623128616,64.51576703184165
20250531,5,LMA,ELC,63.32441689226119,62.40156725292569
20250531,6,LMA,ELC,63.49743489736094,62.90833687701577
20250531,7,LMA,ELC,64.88210258106336,62.80364022159508
20250531,8,LMA,ELC,61.93665445006438,63.94718312415089
20250531,9,LMA,ELC,65.0193570834081,64.67740624641323
20250531,10,LMA,ELC,60.22273144491637,66.78260657421923
20250531,11,LMA,ELC,68.62885731974535,62.889191781516004
20250531,12,LMA,ELC,61.10550595460451,64.97432035075137
20250531,13,LMA,ELC,60.93995631715952,66.66415817346189
20250531,14,LMA,ELC,63.901917027649304,68.17181693851599
20250531,15,LMA,ELC,64.18634769764098,63.689113525142126
20250531,16,LMA,ELC,63.97446056455638,58.46274720857152
20250531,17,LMA,ELC,61.982049202520955,59.16521534305118
20250531,18,LMA,ELC,59.9156656925268,61.23892283420361
20250531,19,LMA,ELC,59.52524146908448,57.18353002171165
20250531,20,LMA,ELC,57.09660235825281,59.250914673222034
20250531,21,LMA,ELC,60.82611264207159,61.14380242556035
20250531,22,LMA,ELC,50.95547812742908,59.02728611237181
20250531,23,LMA,ELC,47.31713111009076,59.52677180194206
20250531,24,LMA,ELC,60.884853416162436,57.05179233111984
20250531,25,LMA,ELC,52.950046563191805,57.269491906690604
20250531,26,LMA,ELC,61.047714280920864,65.25835035423671
20250531,27,LMA,ELC,67.85745782712416,63.67908936802753
20250531,28,LMA,ELC,64.37946716021445,65.86404296825506
20250531,29,LMA,ELC,60.362408400971205,63.36478583568945
20250531,30,LMA,ELC,58.33593948118894,63.33174142228186
20250531,31,LMA,ELC,66.71895443039477,65.18076124381712
20250531,32,LMA,ELC,72.52933713065674,64.1187448988408
20250531,33,LMA,ELC,64.8517264960037,63.793606647377665
20250531,34,LMA,ELC,62.904815678232325,64.02264677846678
20250531,35,LMA,ELC,62.50108567840458,68.1846461460222
20250531,36,LMA,ELC,66.22705942536487,62.734610812508464
20250531,37,LMA,ELC,59.46444269965596,65.49580337408648
20250531,38,LMA,ELC,66.07946989844532,64.46353086319759
20250531,39,LMA,ELC,64.04746214834476,64.03317435615065
20250531,40,LMA,ELC,63.71661568576823,64.02126794906458
20250531,41,LMA,ELC,52.944428192792714,64.05353852951788
20250531,42,LMA,ELC,63.86543247909649,59.711195968776444
20250531,43,LMA,ELC,58.40271685500246,59.2905721393694
20250531,44,LMA,ELC,57.62893638670061,56.78317451175679
20250531,45,LMA,ELC,57.55224822871284,62.730355737511225
20250531,46,LMA,ELC,69.67527782856665,63.67064692880302
20250531,47,LMA,ELC,66.50207910513826,65.11757617790819
20250531,48,LMA,ELC,67.92467964561864,65.77519765121568
20250531,49,LMA,ELC,67.4236698619138,62.54492734050405
20250531,50,LMA,ELC,60.99673225655433,63.94890258029331
20250531,51,LMA,ELC,93.82754858597791,66.87825783088631
20250531,52,LMA,ELC,73.1654489871879,63.78141729116695
20250531,53,LMA,ELC,60.753821121188444,64.57768696594724
20250531,54,LMA,ELC,63.695960152290716,63.68989853586605
20250531,55,LMA,ELC,67.07710325914621,68.26664837645154
20250531,56,LMA,ELC,69.96988866832126,58.36678069373229
20250531,57,LMA,ELC,59.40298766566106,56.899144237365235
20250531,58,LMA,ELC,58.74829145988227,59.24896018969509
20250531,59,LMA,ELC,61.327174616919955,55.79207888689354
20250531,60,LMA,ELC,61.40158166568724,59.02433179755483
20250531,1,LMA,ELC3,64.47732090359769,63.27174369959067
20250531,2,LMA,ELC3,64.26984945700397,64.29581465971357
20250531,3,LMA,ELC3,61.95793846533121,64.2937586186375
20250531,4,LMA,ELC3,65.30608623128616,64.51576703184165
20250531,5,LMA,ELC3,63.32441689226119,62.40156725292569
20250531,6,LMA,ELC3,63.49743489736094,62.90833687701577
20250531,7,LMA,ELC3,64.88210258106336,62.80364022159508
20250531,8,LMA,ELC3,61.93665445006438,63.94718312415089
20250531,9,LMA,ELC3,65.0193570834081,64.67740624641323
20250531,10,LMA,ELC3,60.22273144491637,66.78260657421923
20250531,11,LMA,ELC3,68.62885731974535,62.889191781516004
20250531,12,LMA,ELC3,61.10550595460451,64.97432035075137
20250531,13,LMA,ELC3,60.93995631715952,66.66415817346189
20250531,14,LMA,ELC3,63.901917027649304,68.17181693851599
20250531,15,LMA,ELC3,64.18634769764098,63.689113525142126
20250531,16,LMA,ELC3,63.97446056455638,58.46274720857152
20250531,17,LMA,ELC3,61.982049202520955,59.16521534305118
20250531,18,LMA,ELC3,59.9156656925268,61.23892283420361
20250531,19,LMA,ELC3,59.52524146908448,57.18353002171165
20250531,20,LMA,ELC3,57.09660235825281,59.250914673222034
20250531,21,LMA,ELC3,60.82611264207159,61.14380242556035
20250531,22,LMA,ELC3,50.95547812742908,59.02728611237181
20250531,23,LMA,ELC3,47.31713111009076,59.52677180194206
20250531,24,LMA,ELC3,60.884853416162436,57.05179233111984
20250531,25,LMA,ELC3,52.950046563191805,57.269491906690604
20250531,26,LMA,ELC3,61.047714280920864,65.25835035423671
20250531,27,LMA,ELC3,67.85745782712416,63.67908936802753
20250531,28,LMA,ELC3,64.37946716021445,65.86404296825506
20250531,29,LMA,ELC3,60.362408400971205,63.36478583568945
20250531,30,LMA,ELC3,58.33593948118894,63.33174142228186
20250531,31,LMA,ELC3,66.71895443039477,65.18076124381712
20250531,32,LMA,ELC3,72.52933713065674,64.1187448988408
20250531,33,LMA,ELC3,64.8517264960037,63.793606647377665
20250531,34,LMA,ELC3,62.904815678232325,64.02264677846678
20250531,35,LMA,ELC3,62.50108567840458,68.1846461460222
20250531,36,LMA,ELC3,66.22705942536487,62.734610812508464
20250531,37,LMA,ELC3,59.46444269965596,65.49580337408648
20250531,38,LMA,ELC3,66.07946989844532,64.46353086319759
20250531,39,LMA,ELC3,64.04746214834476,64.03317435615065
20250531,40,LMA,ELC3,63.71661568576823,64.02126794906458
20250531,41,LMA,ELC3,52.944428192792714,64.05353852951788
20250531,42,LMA,ELC3,63.86543247909649,59.711195968776444
20250531,43,LMA,ELC3,58.40271685500246,59.2905721393694
20250531,44,LMA,ELC3,57.62893638670061,56.78317451175679
20250531,45,LMA,ELC3,57.55224822871284,62.730355737511225
20250531,46,LMA,ELC3,69.67527782856665,63.67064692880302
20250531,47,LMA,ELC3,66.50207910513826,65.11757617790819
20250531,48,LMA,ELC3,67.92467964561864,65.77519765121568
20250531,49,LMA,ELC3,67.4236698619138,62.54492734050405
20250531,50,LMA,ELC3,60.99673225655433,63.94890258029331
20250531,51,LMA,ELC3,93.82754858597791,66.87825783088631
20250531,52,LMA,ELC3,73.1654489871879,63.78141729116695
20250531,53,LMA,ELC3,60.753821121188444,64.57768696594724
20250531,54,LMA,ELC3,63.695960152290716,63.68989853586605
20250531,55,LMA,ELC3,67.07710325914621,68.26664837645154
20250531,56,LMA,ELC3,69.96988866832126,58.36678069373229
20250531,57,LMA,ELC3,59.40298766566106,56.899144237365235
20250531,58,LMA,ELC3,58.74829145988227,59.24896018969509
20250531,59,LMA,ELC3,61.327174616919955,55.79207888689354
20250531,60,LMA,ELC3,61.40158166568724,59.02433179755483
20250531,1,LAI,RTM,1.729,1.4894809999999996
20250531,2,LAI,RTM,1.838,1.71609
20250531,3,LAI,RTM,2.036,1.7086199999999996
20250531,4,LAI,RTM,1.921,1.80573
20250531,5,LAI,RTM,2.087,1.8894300000000002
20250531,6,LAI,RTM,1.616,1.31473
20250531,7,LAI,RTM,1.491,1.4403299999999997
20250531,8,LAI,RTM,1.69,1.4004400000000006
20250531,9,LAI,RTM,1.188,1.519460000000001
20250531,10,LAI,RTM,1.847,1.4622199999999999
20250531,11,LAI,RTM,1.299,1.3575300000000008
20250531,12,LAI,RTM,1.27,1.463250000000001
20250531,13,LAI,RTM,1.416,1.5846900000000013
20250531,14,LAI,RTM,1.713,1.5763000000000014
20250531,15,LAI,RTM,1.736,1.9523599999999999
20250531,16,LAI,RTM,0.4534,0.4746520000000005
20250531,17,LAI,RTM,0.7894,0.43907300000000044
20250531,18,LAI,RTM,0.216,0.7034520000000002
20250531,19,LAI,RTM,1.308,0.7797030000000008
20250531,20,LAI,RTM,0.5841,0.8427410000000007
20250531,21,LAI,RTM,0.4761,0.5750020000000001
20250531,22,LAI,RTM,0.6403,0.6124189999999995
20250531,23,LAI,RTM,0.2723,0.7386490000000002
20250531,24,LAI,RTM,0.7759,0.7193909999999998
20250531,25,LAI,RTM,0.6434,0.7115219999999998
20250531,26,LAI,RTM,1.337,1.68181
20250531,27,LAI,RTM,1.81,1.6359399999999997
20250531,28,LAI,RTM,2.002,1.5412899999999992
20250531,29,LAI,RTM,1.643,1.9343499999999987
20250531,30,LAI,RTM,1.994,2.0990399999999982
20250531,31,LAI,RTM,1.44,1.4822300000000002
20250531,32,LAI,RTM,1.52,1.68413
20250531,33,LAI,RTM,2.19,1.84452
20250531,34,LAI,RTM,2.31,1.8766199999999995
20250531,35,LAI,RTM,1.49,1.2382799999999994
20250531,36,LAI,RTM,1.16,1.023581
20250531,37,LAI,RTM,1.23,1.4513300000000013
20250531,38,LAI,RTM,1.77,1.3236500000000004
20250531,39,LAI,RTM,1.42,1.44914
20250531,40,LAI,RTM,1.27,1.5305499999999987
20250531,41,LAI,RTM,0.4,0.6756340000000003
20250531,42,LAI,RTM,0.53,0.521225
20250531,43,LAI,RTM,0.72,0.5948990000000001
20250531,44,LAI,RTM,0.73,0.6881330000000002
20250531,45,LAI,RTM,0.46,0.5717160000000001
20250531,46,LAI,RTM,1.38,1.6163299999999992
20250531,47,LAI,RTM,1.61,1.786440999999999
20250531,48,LAI,RTM,1.88,1.5810300000000015
20250531,49,LAI,RTM,1.65,1.4995209999999994
20250531,50,LAI,RTM,1.71,1.5745500000000012
20250531,51,LAI,RTM,0.89,1.254462
20250531,52,LAI,RTM,1.11,1.4841700000000015
20250531,53,LAI,RTM,1.36,1.4457199999999994
20250531,54,LAI,RTM,1.59,1.5720599999999993
20250531,55,LAI,RTM,1.11,1.1229969999999987
20250531,56,LAI,RTM,0.5,0.4434060000000003
20250531,57,LAI,RTM,0.52,0.9197650000000007
20250531,58,LAI,RTM,0.84,0.8153750000000001
20250531,59,LAI,RTM,0.71,0.9025700000000013
20250531,60,LAI,RTM,0.79,0.7617780000000011
20250531,1,LAI,ELC,1.729,1.5408000000000013
20250531,2,LAI,ELC,1.838,1.7264900000000005
20250531,3,LAI,ELC,2.036,1.65918
20250531,4,LAI,ELC,1.921,1.7924700000000002
20250531,5,LAI,ELC,2.087,1.8016499999999993
20250531,6,LAI,ELC,1.616,1.3921110000000008
20250531,7,LAI,ELC,1.491,1.5388400000000002
20250531,8,LAI,ELC,1.69,1.5046700000000015
20250531,9,LAI,ELC,1.188,1.5633100000000006
20250531,10,LAI,ELC,1.847,1.4660199999999992
20250531,11,LAI,ELC,1.299,1.5000100000000005
20250531,12,LAI,ELC,1.27,1.5257299999999998
20250531,13,LAI,ELC,1.416,1.5763300000000005
20250531,14,LAI,ELC,1.713,1.5505000000000002
20250531,15,LAI,ELC,1.736,2.0253399999999995
20250531,16,LAI,ELC,0.4534,0.39560200000000023
20250531,17,LAI,ELC,0.7894,0.33891900000000014
20250531,18,LAI,ELC,0.216,0.709212
20250531,19,LAI,ELC,1.308,0.6529420000000001
20250531,20,LAI,ELC,0.5841,0.8594020000000013
20250531,21,LAI,ELC,0.4761,0.46258999999999995
20250531,22,LAI,ELC,0.6403,0.6130650000000002
20250531,23,LAI,ELC,0.2723,0.6771030000000002
20250531,24,LAI,ELC,0.7759,0.6670969999999997
20250531,25,LAI,ELC,0.6434,0.7376900000000006
20250531,26,LAI,ELC,1.337,1.6760899999999992
20250531,27,LAI,ELC,1.81,1.6871499999999986
20250531,28,LAI,ELC,2.002,1.6033599999999992
20250531,29,LAI,ELC,1.643,1.9864099999999985
20250531,30,LAI,ELC,1.994,2.06965
20250531,31,LAI,ELC,1.44,1.5305799999999985
20250531,32,LAI,ELC,1.52,1.6257499999999991
20250531,33,LAI,ELC,2.19,1.8175199999999998
20250531,34,LAI,ELC,2.31,1.8965299999999992
20250531,35,LAI,ELC,1.49,1.3556699999999993
20250531,36,LAI,ELC,1.16,1.2619420000000003
20250531,37,LAI,ELC,1.23,1.5056800000000008
20250531,38,LAI,ELC,1.77,1.3703100000000008
20250531,39,LAI,ELC,1.42,1.5443400000000014
20250531,40,LAI,ELC,1.27,1.56415
20250531,41,LAI,ELC,0.4,0.49169700000000044
20250531,42,LAI,ELC,0.53,0.4450109999999996
20250531,43,LAI,ELC,0.72,0.5312860000000004
20250531,44,LAI,ELC,0.73,0.7291080000000004
20250531,45,LAI,ELC,0.46,0.4845950000000003
20250531,46,LAI,ELC,1.38,1.7325299999999992
20250531,47,LAI,ELC,1.61,1.7886499999999983
20250531,48,LAI,ELC,1.88,1.6553100000000014
20250531,49,LAI,ELC,1.65,1.593460000000001
20250531,50,LAI,ELC,1.71,1.5489400000000015
20250531,51,LAI,ELC,0.89,1.0243709999999995
20250531,52,LAI,ELC,1.11,1.0116079999999998
20250531,53,LAI,ELC,1.36,1.1927099999999984
20250531,54,LAI,ELC,1.59,1.6391999999999998
20250531,55,LAI,ELC,1.11,1.1120999999999992
20250531,56,LAI,ELC,0.5,0.4373639999999998
20250531,57,LAI,ELC,0.52,0.7085140000000004
20250531,58,LAI,ELC,0.84,0.7891620000000004
20250531,59,LAI,ELC,0.71,0.8562770000000013
20250531,60,LAI,ELC,0.79,0.788519000000001
20250531,1,LAI,ELC3,1.729,1.5408000000000013
20250531,2,LAI,ELC3,1.838,1.7264900000000005
20250531,3,LAI,ELC3,2.036,1.65918
20250531,4,LAI,ELC3,1.921,1.7924700000000002
20250531,5,LAI,ELC3,2.087,1.8016499999999993
20250531,6,LAI,ELC3,1.616,1.3921110000000008
20250531,7,LAI,ELC3,1.491,1.5388400000000002
20250531,8,LAI,ELC3,1.69,1.5046700000000015
20250531,9,LAI,ELC3,1.188,1.5633100000000006
20250531,10,LAI,ELC3,1.847,1.4660199999999992
20250531,11,LAI,ELC3,1.299,1.5000100000000005
20250531,12,LAI,ELC3,1.27,1.5257299999999998
20250531,13,LAI,ELC3,1.416,1.5763300000000005
20250531,14,LAI,ELC3,1.713,1.5505000000000002
20250531,15,LAI,ELC3,1.736,2.0253399999999995
20250531,16,LAI,ELC3,0.4534,0.39560200000000023
20250531,17,LAI,ELC3,0.7894,0.33891900000000014
20250531,18,LAI,ELC3,0.216,0.709212
20250531,19,LAI,ELC3,1.308,0.6529420000000001
20250531,20,LAI,ELC3,0.5841,0.8594020000000013
20250531,21,LAI,ELC3,0.4761,0.46258999999999995
20250531,22,LAI,ELC3,0.6403,0.6130650000000002
20250531,23,LAI,ELC3,0.2723,0.6771030000000002
20250531,24,LAI,ELC3,0.7759,0.6670969999999997
20250531,25,LAI,ELC3,0.6434,0.7376900000000006
20250531,26,LAI,ELC3,1.337,1.6760899999999992
20250531,27,LAI,ELC3,1.81,1.6871499999999986
20250531,28,LAI,ELC3,2.002,1.6033599999999992
20250531,29,LAI,ELC3,1.643,1.9864099999999985
20250531,30,LAI,ELC3,1.994,2.06965
20250531,31,LAI,ELC3,1.44,1.5305799999999985
20250531,32,LAI,ELC3,1.52,1.6257499999999991
20250531,33,LAI,ELC3,2.19,1.8175199999999998
20250531,34,LAI,ELC3,2.31,1.8965299999999992
20250531,35,LAI,ELC3,1.49,1.3556699999999993
20250531,36,LAI,ELC3,1.16,1.2619420000000003
20250531,37,LAI,ELC3,1.23,1.5056800000000008
20250531,38,LAI,ELC3,1.77,1.3703100000000008
20250531,39,LAI,ELC3,1.42,1.5443400000000014
20250531,40,LAI,ELC3,1.27,1.56415
20250531,41,LAI,ELC3,0.4,0.49169700000000044
20250531,42,LAI,ELC3,0.53,0.4450109999999996
20250531,43,LAI,ELC3,0.72,0.5312860000000004
20250531,44,LAI,ELC3,0.73,0.7291080000000004
20250531,45,LAI,ELC3,0.46,0.4845950000000003
20250531,46,LAI,ELC3,1.38,1.7325299999999992
20250531,47,LAI,ELC3,1.61,1.7886499999999983
20250531,48,LAI,ELC3,1.88,1.6553100000000014
20250531,49,LAI,ELC3,1.65,1.593460000000001
20250531,50,LAI,ELC3,1.71,1.5489400000000015
20250531,51,LAI,ELC3,0.89,1.0243709999999995
20250531,52,LAI,ELC3,1.11,1.0116079999999998
20250531,53,LAI,ELC3,1.36,1.1927099999999984
20250531,54,LAI,ELC3,1.59,1.6391999999999998
20250531,55,LAI,ELC3,1.11,1.1120999999999992
20250531,56,LAI,ELC3,0.5,0.4373639999999998
20250531,57,LAI,ELC3,0.52,0.7085140000000004
20250531,58,LAI,ELC3,0.84,0.7891620000000004
20250531,59,LAI,ELC3,0.71,0.8562770000000013
20250531,60,LAI,ELC3,0.79,0.788519000000001
20250531,1,LNC,RTM,3.4,3.914440000000003
20250531,2,LNC,RTM,4.061,3.84852
20250531,3,LNC,RTM,3.764,4.017409999999999
20250531,4,LNC,RTM,3.83,3.941460000000001
20250531,5,LNC,RTM,4.26,3.9358699999999995
20250531,6,LNC,RTM,3.791,3.580330000000002
20250531,7,LNC,RTM,3.516,3.6943800000000007
20250531,8,LNC,RTM,3.507,4.220809999999999
20250531,9,LNC,RTM,4.113,3.865109999999999
20250531,10,LNC,RTM,3.519,3.7482499999999983
20250531,11,LNC,RTM,3.083,3.7928400000000004
20250531,12,LNC,RTM,3.574,3.722090000000002
20250531,13,LNC,RTM,3.464,3.4379900000000028
20250531,14,LNC,RTM,3.838,3.6139900000000016
20250531,15,LNC,RTM,4.329,3.9905500000000007
20250531,16,LNC,RTM,3.081,2.8101400000000005
20250531,17,LNC,RTM,2.726,2.849330000000001
20250531,18,LNC,RTM,2.69,2.76733
20250531,19,LNC,RTM,2.725,2.8179199999999986
20250531,20,LNC,RTM,2.5,2.818839999999998
20250531,21,LNC,RTM,2.6,2.9089199999999993
20250531,22,LNC,RTM,2.548,2.8937999999999993
20250531,23,LNC,RTM,2.188,2.9196000000000004
20250531,24,LNC,RTM,2.773,2.7132799999999975
20250531,25,LNC,RTM,2.636,2.7518199999999973
20250531,26,LNC,RTM,4.453,4.129490000000002
20250531,27,LNC,RTM,3.768,3.9574799999999994
20250531,28,LNC,RTM,4.217,3.910570000000001
20250531,29,LNC,RTM,3.576,3.949329999999997
20250531,30,LNC,RTM,4.117,3.97003
20250531,31,LNC,RTM,4.249,3.7138799999999974
20250531,32,LNC,RTM,3.902,3.854560000000001
20250531,33,LNC,RTM,4.136,3.916159999999997
20250531,34,LNC,RTM,3.529,4.178190000000002
20250531,35,LNC,RTM,4.181,3.588769999999999
20250531,36,LNC,RTM,3.442,3.8330699999999966
20250531,37,LNC,RTM,3.813,3.66069
20250531,38,LNC,RTM,3.953,3.6421500000000004
20250531,39,LNC,RTM,3.712,3.87238
20250531,40,LNC,RTM,4.62,3.8469800000000007
20250531,41,LNC,RTM,2.99,2.8113
20250531,42,LNC,RTM,2.9,2.8658899999999985
20250531,43,LNC,RTM,3.012,2.70755
20250531,44,LNC,RTM,2.551,2.684489999999999
20250531,45,LNC,RTM,3.02,2.8185099999999994
20250531,46,LNC,RTM,4.091,4.09603
20250531,47,LNC,RTM,4.565,4.111700000000003
20250531,48,LNC,RTM,4.031,4.140300000000002
20250531,49,LNC,RTM,4.237,4.044180000000001
20250531,50,LNC,RTM,3.658,4.243900000000002
20250531,51,LNC,RTM,4.335,3.5858800000000026
20250531,52,LNC,RTM,3.471,3.9442799999999965
20250531,53,LNC,RTM,3.814,3.6982999999999997
20250531,54,LNC,RTM,3.554,3.8096700000000014
20250531,55,LNC,RTM,3.864,3.7426600000000034
20250531,56,LNC,RTM,2.654,2.82536
20250531,57,LNC,RTM,2.811,2.7008599999999983
20250531,58,LNC,RTM,2.551,2.8429499999999996
20250531,59,LNC,RTM,3.012,2.6809699999999963
20250531,60,LNC,RTM,2.989,2.796449999999999
20250531,1,LNC,ELC,3.4,3.77735
20250531,2,LNC,ELC,4.061,3.861589999999997
20250531,3,LNC,ELC,3.764,4.189239999999997
20250531,4,LNC,ELC,3.83,3.941270000000001
20250531,5,LNC,ELC,4.26,3.89897
20250531,6,LNC,ELC,3.791,3.69461
20250531,7,LNC,ELC,3.516,3.800009999999995
20250531,8,LNC,ELC,3.507,3.903959999999999
20250531,9,LNC,ELC,4.113,3.5676999999999985
20250531,10,LNC,ELC,3.519,3.81539
20250531,11,LNC,ELC,3.083,3.74187
20250531,12,LNC,ELC,3.574,3.770499999999996
20250531,13,LNC,ELC,3.464,3.7759099999999983
20250531,14,LNC,ELC,3.838,3.8703599999999985
20250531,15,LNC,ELC,4.329,3.9466399999999995
20250531,16,LNC,ELC,3.081,2.8971900000000006
20250531,17,LNC,ELC,2.726,2.8037799999999997
20250531,18,LNC,ELC,2.69,2.7942999999999993
20250531,19,LNC,ELC,2.725,2.711819999999999
20250531,20,LNC,ELC,2.5,2.5783099999999957
20250531,21,LNC,ELC,2.6,2.9562100000000027
20250531,22,LNC,ELC,2.548,2.8027099999999994
20250531,23,LNC,ELC,2.188,2.8171999999999993
20250531,24,LNC,ELC,2.773,2.6956699999999985
20250531,25,LNC,ELC,2.636,2.681729999999998
20250531,26,LNC,ELC,4.453,4.071380000000002
20250531,27,LNC,ELC,3.768,3.9253399999999976
20250531,28,LNC,ELC,4.217,4.001500000000001
20250531,29,LNC,ELC,3.576,3.9722299999999966
20250531,30,LNC,ELC,4.117,3.8950599999999986
20250531,31,LNC,ELC,4.249,3.8303499999999957
20250531,32,LNC,ELC,3.902,3.9585500000000042
20250531,33,LNC,ELC,4.136,3.811189999999998
20250531,34,LNC,ELC,3.529,4.157710000000003
20250531,35,LNC,ELC,4.181,3.7171899999999996
20250531,36,LNC,ELC,3.442,3.8839900000000016
20250531,37,LNC,ELC,3.813,3.704960000000002
20250531,38,LNC,ELC,3.953,3.5858000000000017
20250531,39,LNC,ELC,3.712,3.7786100000000022
20250531,40,LNC,ELC,4.62,3.8021900000000004
20250531,41,LNC,ELC,2.99,2.801239999999998
20250531,42,LNC,ELC,2.9,2.79963
20250531,43,LNC,ELC,3.012,2.6955299999999984
20250531,44,LNC,ELC,2.551,2.7131899999999987
20250531,45,LNC,ELC,3.02,2.7489099999999986
20250531,46,LNC,ELC,4.091,3.9876900000000006
20250531,47,LNC,ELC,4.565,4.10974
20250531,48,LNC,ELC,4.031,4.04529
20250531,49,LNC,ELC,4.237,3.8738100000000006
20250531,50,LNC,ELC,3.658,3.910689999999999
20250531,51,LNC,ELC,4.335,3.530550000000001
20250531,52,LNC,ELC,3.471,3.882469999999996
20250531,53,LNC,ELC,3.814,3.501260000000002
20250531,54,LNC,ELC,3.554,3.792540000000002
20250531,55,LNC,ELC,3.864,3.740130000000002
20250531,56,LNC,ELC,2.654,2.9031700000000003
20250531,57,LNC,ELC,2.811,2.743319999999999
20250531,58,LNC,ELC,2.551,2.690449999999999
20250531,59,LNC,ELC,3.012,2.4365499999999956
20250531,60,LNC,ELC,2.989,2.7656199999999984
20250531,1,LNC,ELC3,3.4,3.77735
20250531,2,LNC,ELC3,4.061,3.861589999999997
20250531,3,LNC,ELC3,3.764,4.189239999999997
20250531,4,LNC,ELC3,3.83,3.941270000000001
20250531,5,LNC,ELC3,4.26,3.89897
20250531,6,LNC,ELC3,3.791,3.69461
20250531,7,LNC,ELC3,3.516,3.800009999999995
20250531,8,LNC,ELC3,3.507,3.903959999999999
20250531,9,LNC,ELC3,4.113,3.5676999999999985
20250531,10,LNC,ELC3,3.519,3.81539
20250531,11,LNC,ELC3,3.083,3.74187
20250531,12,LNC,ELC3,3.574,3.770499999999996
20250531,13,LNC,ELC3,3.464,3.7759099999999983
20250531,14,LNC,ELC3,3.838,3.8703599999999985
20250531,15,LNC,ELC3,4.329,3.9466399999999995
20250531,16,LNC,ELC3,3.081,2.8971900000000006
20250531,17,LNC,ELC3,2.726,2.8037799999999997
20250531,18,LNC,ELC3,2.69,2.7942999999999993
20250531,19,LNC,ELC3,2.725,2.711819999999999
20250531,20,LNC,ELC3,2.5,2.5783099999999957
20250531,21,LNC,ELC3,2.6,2.9562100000000027
20250531,22,LNC,ELC3,2.548,2.8027099999999994
20250531,23,LNC,ELC3,2.188,2.8171999999999993
20250531,24,LNC,ELC3,2.773,2.6956699999999985
20250531,25,LNC,ELC3,2.636,2.681729999999998
20250531,26,LNC,ELC3,4.453,4.071380000000002
20250531,27,LNC,ELC3,3.768,3.9253399999999976
20250531,28,LNC,ELC3,4.217,4.001500000000001
20250531,29,LNC,ELC3,3.576,3.9722299999999966
20250531,30,LNC,ELC3,4.117,3.8950599999999986
20250531,31,LNC,ELC3,4.249,3.8303499999999957
20250531,32,LNC,ELC3,3.902,3.9585500000000042
20250531,33,LNC,ELC3,4.136,3.811189999999998
20250531,34,LNC,ELC3,3.529,4.157710000000003
20250531,35,LNC,ELC3,4.181,3.7171899999999996
20250531,36,LNC,ELC3,3.442,3.8839900000000016
20250531,37,LNC,ELC3,3.813,3.704960000000002
20250531,38,LNC,ELC3,3.953,3.5858000000000017
20250531,39,LNC,ELC3,3.712,3.7786100000000022
20250531,40,LNC,ELC3,4.62,3.8021900000000004
20250531,41,LNC,ELC3,2.99,2.801239999999998
20250531,42,LNC,ELC3,2.9,2.79963
20250531,43,LNC,ELC3,3.012,2.6955299999999984
20250531,44,LNC,ELC3,2.551,2.7131899999999987
20250531,45,LNC,ELC3,3.02,2.7489099999999986
20250531,46,LNC,ELC3,4.091,3.9876900000000006
20250531,47,LNC,ELC3,4.565,4.10974
20250531,48,LNC,ELC3,4.031,4.04529
20250531,49,LNC,ELC3,4.237,3.8738100000000006
20250531,50,LNC,ELC3,3.658,3.910689999999999
20250531,51,LNC,ELC3,4.335,3.530550000000001
20250531,52,LNC,ELC3,3.471,3.882469999999996
20250531,53,LNC,ELC3,3.814,3.501260000000002
20250531,54,LNC,ELC3,3.554,3.792540000000002
20250531,55,LNC,ELC3,3.864,3.740130000000002
20250531,56,LNC,ELC3,2.654,2.9031700000000003
20250531,57,LNC,ELC3,2.811,2.743319999999999
20250531,58,LNC,ELC3,2.551,2.690449999999999
20250531,59,LNC,ELC3,3.012,2.4365499999999956
20250531,60,LNC,ELC3,2.989,2.7656199999999984
20250531,1,CNC,RTM,3.7903637866388937,3.7609688296997037
20250531,2,CNC,RTM,4.797177401893135,4.413987416887211
20250531,3,CNC,RTM,4.748149092608196,4.3482566051698255
20250531,4,CNC,RTM,4.8048495802065165,4.443016985511425
20250531,5,CNC,RTM,5.629933273106753,4.554333976558204
20250531,6,CNC,RTM,3.8900154152456685,3.118796111305844
20250531,7,CNC,RTM,3.4013507975845307,3.3134002810598546
20250531,8,CNC,RTM,3.6708802169427512,3.6594144444058965
20250531,9,CNC,RTM,3.1770044343266037,3.6360829976506746
20250531,10,CNC,RTM,3.9142324374025836,3.5794855654654008
20250531,11,CNC,RTM,2.7484601448469066,3.0904800007821094
20250531,12,CNC,RTM,2.773566694178308,3.5910221992667797
20250531,13,CNC,RTM,2.9891194829461902,4.129085391788693
20250531,14,CNC,RTM,4.201227700867783,4.114846226420616
20250531,15,CNC,RTM,4.823696457818404,4.9957236208160545
20250531,16,CNC,RTM,0.8936754891392715,0.8075602675021404
20250531,17,CNC,RTM,1.3337944439992133,0.7290628837339331
20250531,18,CNC,RTM,0.3481339839398577,1.1797274688970432
20250531,19,CNC,RTM,2.1216581816825784,1.3116189490490118
20250531,20,CNC,RTM,0.8337531359363866,1.95801153698436
20250531,21,CNC,RTM,0.7529421179511475,1.0398553546730975
20250531,22,CNC,RTM,0.8313306765944175,0.9844772597236694
20250531,23,CNC,RTM,0.2819118710519564,1.4025735245150335
20250531,24,CNC,RTM,1.3099806668401,1.1603991927475372
20250531,25,CNC,RTM,0.8980340605128504,1.178266880354082
20250531,26,CNC,RTM,3.634573956534616,4.452658171024782
20250531,27,CNC,RTM,4.6279329097761295,3.962827905384839
20250531,28,CNC,RTM,5.435194024552778,3.736795109231052
20250531,29,CNC,RTM,3.546513627219974,4.86508162698564
20250531,30,CNC,RTM,4.7889711131104535,4.866030643901713
20250531,31,CNC,RTM,4.0822392581963625,3.646415306054214
20250531,32,CNC,RTM,4.301743996954103,4.123201843230301
20250531,33,CNC,RTM,5.874165623245622,4.190078384662503
20250531,34,CNC,RTM,5.127994283607931,4.911684234371282
20250531,35,CNC,RTM,3.8936238843990023,3.274567637578191
20250531,36,CNC,RTM,2.6442610470884285,3.3751035513267107
20250531,37,CNC,RTM,2.788876416169595,3.5660424961605948
20250531,38,CNC,RTM,4.623454957801411,3.0255476090355193
20250531,39,CNC,RTM,3.375967348824112,3.6669466054063498
20250531,40,CNC,RTM,3.7385087087467657,3.5397390163840616
20250531,41,CNC,RTM,0.6332153611858009,1.0676195197587608
20250531,42,CNC,RTM,0.9816116972037131,0.912453245711357
20250531,43,CNC,RTM,1.2665446788043253,0.8481086688548697
20250531,44,CNC,RTM,1.0731833420740549,1.126684294590912
20250531,45,CNC,RTM,0.7995158323932787,0.9377166807219293
20250531,46,CNC,RTM,3.9335735500339934,4.120414711826279
20250531,47,CNC,RTM,4.887670056950796,4.858852706820013
20250531,48,CNC,RTM,5.147522412647987,4.296049000194577
20250531,49,CNC,RTM,4.713622471881325,3.758992582139092
20250531,50,CNC,RTM,3.815455396765535,4.1600632532878565
20250531,51,CNC,RTM,3.6200075657699067,3.020907553486335
20250531,52,CNC,RTM,2.818925735123275,3.6693216409954323
20250531,53,CNC,RTM,3.151325003084493,3.3481506927530025
20250531,54,CNC,RTM,3.5993695338617346,3.9939363792754796
20250531,55,CNC,RTM,2.876963789626085,2.9976232982623174
20250531,56,CNC,RTM,0.9285004226286231,0.7514887206118871
20250531,57,CNC,RTM,0.8683053513065009,1.4036178635112504
20250531,58,CNC,RTM,1.2588818887189412,1.376474188512604
20250531,59,CNC,RTM,1.3114938946177566,1.3956764124576835
20250531,60,CNC,RTM,1.4498816880300394,1.3778839553795115
20250531,1,CNC,ELC,3.7903637866388937,3.682032002937677
20250531,2,CNC,ELC,4.797177401893135,4.490826548234617
20250531,3,CNC,ELC,4.748149092608196,4.543304002962446
20250531,4,CNC,ELC,4.8048495802065165,4.244863103146968
20250531,5,CNC,ELC,5.629933273106753,4.594702496366233
20250531,6,CNC,ELC,3.8900154152456685,3.2877968041700387
20250531,7,CNC,ELC,3.4013507975845307,3.486958960553498
20250531,8,CNC,ELC,3.6708802169427512,3.59764096508676
20250531,9,CNC,ELC,3.1770044343266037,3.6009779575364926
20250531,10,CNC,ELC,3.9142324374025836,3.994461397739954
20250531,11,CNC,ELC,2.7484601448469066,3.5562084733530224
20250531,12,CNC,ELC,2.773566694178308,3.8688390061124185
20250531,13,CNC,ELC,2.9891194829461902,4.579689030648542
20250531,14,CNC,ELC,4.201227700867783,4.47838913588739
20250531,15,CNC,ELC,4.823696457818404,5.0597431519343665
20250531,16,CNC,ELC,0.8936754891392715,0.7525340193492468
20250531,17,CNC,ELC,1.3337944439992133,0.6118076298850595
20250531,18,CNC,ELC,0.3481339839398577,1.219621655718188
20250531,19,CNC,ELC,2.1216581816825784,1.037182182263664
20250531,20,CNC,ELC,0.8337531359363866,1.3172929882920568
20250531,21,CNC,ELC,0.7529421179511475,0.7452427472325206
20250531,22,CNC,ELC,0.8313306765944175,0.9668880386797821
20250531,23,CNC,ELC,0.2819118710519564,1.202246615993871
20250531,24,CNC,ELC,1.3099806668401,1.0077681704259724
20250531,25,CNC,ELC,0.8980340605128504,1.199553448724628
20250531,26,CNC,ELC,3.634573956534616,4.543299924914927
20250531,27,CNC,ELC,4.6279329097761295,4.470942532400695
20250531,28,CNC,ELC,5.435194024552778,4.3874593581156205
20250531,29,CNC,ELC,3.546513627219974,5.075060256417448
20250531,30,CNC,ELC,4.7889711131104535,4.639774362836331
20250531,31,CNC,ELC,4.0822392581963625,4.039309246724513
20250531,32,CNC,ELC,4.301743996954103,4.24648161244589
20250531,33,CNC,ELC,5.874165623245622,4.1085527388297605
20250531,34,CNC,ELC,5.127994283607931,4.992707157126093
20250531,35,CNC,ELC,3.8936238843990023,3.2566137337796994
20250531,36,CNC,ELC,2.6442610470884285,3.234996088527259
20250531,37,CNC,ELC,2.788876416169595,3.8297155430758165
20250531,38,CNC,ELC,4.623454957801411,3.032931314169858
20250531,39,CNC,ELC,3.375967348824112,3.58925194227148
20250531,40,CNC,ELC,3.7385087087467657,3.603983639465059
20250531,41,CNC,ELC,0.6332153611858009,0.883429248468023
20250531,42,CNC,ELC,0.9816116972037131,0.739822203701591
20250531,43,CNC,ELC,1.2665446788043253,0.8585394326985722
20250531,44,CNC,ELC,1.0731833420740549,1.174292858325441
20250531,45,CNC,ELC,0.7995158323932787,0.8534381184150024
20250531,46,CNC,ELC,3.9335735500339934,4.393299858122655
20250531,47,CNC,ELC,4.887670056950796,4.967297985847754
20250531,48,CNC,ELC,5.147522412647987,4.677421850141836
20250531,49,CNC,ELC,4.713622471881325,3.8248169724979033
20250531,50,CNC,ELC,3.815455396765535,3.715554215514625
20250531,51,CNC,ELC,3.6200075657699067,2.481180707247557
20250531,52,CNC,ELC,2.818925735123275,3.095554911718917
20250531,53,CNC,ELC,3.151325003084493,2.865796861257714
20250531,54,CNC,ELC,3.5993695338617346,3.664121284401706
20250531,55,CNC,ELC,2.876963789626085,2.80248940270039
20250531,56,CNC,ELC,0.9285004226286231,0.8163784279838027
20250531,57,CNC,ELC,0.8683053513065009,1.0447480392805522
20250531,58,CNC,ELC,1.2588818887189412,1.3607899779168617
20250531,59,CNC,ELC,1.3114938946177566,1.3559973564478875
20250531,60,CNC,ELC,1.4498816880300394,1.2268900718691576
20250531,1,CNC,ELC3,3.7903637866388937,3.682032002937677
20250531,2,CNC,ELC3,4.797177401893135,4.490826548234617
20250531,3,CNC,ELC3,4.748149092608196,4.543304002962446
20250531,4,CNC,ELC3,4.8048495802065165,4.244863103146968
20250531,5,CNC,ELC3,5.629933273106753,4.594702496366233
20250531,6,CNC,ELC3,3.8900154152456685,3.2877968041700387
20250531,7,CNC,ELC3,3.4013507975845307,3.486958960553498
20250531,8,CNC,ELC3,3.6708802169427512,3.59764096508676
20250531,9,CNC,ELC3,3.1770044343266037,3.6009779575364926
20250531,10,CNC,ELC3,3.9142324374025836,3.994461397739954
20250531,11,CNC,ELC3,2.7484601448469066,3.5562084733530224
20250531,12,CNC,ELC3,2.773566694178308,3.8688390061124185
20250531,13,CNC,ELC3,2.9891194829461902,4.579689030648542
20250531,14,CNC,ELC3,4.201227700867783,4.47838913588739
20250531,15,CNC,ELC3,4.823696457818404,5.0597431519343665
20250531,16,CNC,ELC3,0.8936754891392715,0.7525340193492468
20250531,17,CNC,ELC3,1.3337944439992133,0.6118076298850595
20250531,18,CNC,ELC3,0.3481339839398577,1.219621655718188
20250531,19,CNC,ELC3,2.1216581816825784,1.037182182263664
20250531,20,CNC,ELC3,0.8337531359363866,1.3172929882920568
20250531,21,CNC,ELC3,0.7529421179511475,0.7452427472325206
20250531,22,CNC,ELC3,0.8313306765944175,0.9668880386797821
20250531,23,CNC,ELC3,0.2819118710519564,1.202246615993871
20250531,24,CNC,ELC3,1.3099806668401,1.0077681704259724
20250531,25,CNC,ELC3,0.8980340605128504,1.199553448724628
20250531,26,CNC,ELC3,3.634573956534616,4.543299924914927
20250531,27,CNC,ELC3,4.6279329097761295,4.470942532400695
20250531,28,CNC,ELC3,5.435194024552778,4.3874593581156205
20250531,29,CNC,ELC3,3.546513627219974,5.075060256417448
20250531,30,CNC,ELC3,4.7889711131104535,4.639774362836331
20250531,31,CNC,ELC3,4.0822392581963625,4.039309246724513
20250531,32,CNC,ELC3,4.301743996954103,4.24648161244589
20250531,33,CNC,ELC3,5.874165623245622,4.1085527388297605
20250531,34,CNC,ELC3,5.127994283607931,4.992707157126093
20250531,35,CNC,ELC3,3.8936238843990023,3.2566137337796994
20250531,36,CNC,ELC3,2.6442610470884285,3.234996088527259
20250531,37,CNC,ELC3,2.788876416169595,3.8297155430758165
20250531,38,CNC,ELC3,4.623454957801411,3.032931314169858
20250531,39,CNC,ELC3,3.375967348824112,3.58925194227148
20250531,40,CNC,ELC3,3.7385087087467657,3.603983639465059
20250531,41,CNC,ELC3,0.6332153611858009,0.883429248468023
20250531,42,CNC,ELC3,0.9816116972037131,0.739822203701591
20250531,43,CNC,ELC3,1.2665446788043253,0.8585394326985722
20250531,44,CNC,ELC3,1.0731833420740549,1.174292858325441
20250531,45,CNC,ELC3,0.7995158323932787,0.8534381184150024
20250531,46,CNC,ELC3,3.9335735500339934,4.393299858122655
20250531,47,CNC,ELC3,4.887670056950796,4.967297985847754
20250531,48,CNC,ELC3,5.147522412647987,4.677421850141836
20250531,49,CNC,ELC3,4.713622471881325,3.8248169724979033
20250531,50,CNC,ELC3,3.815455396765535,3.715554215514625
20250531,51,CNC,ELC3,3.6200075657699067,2.481180707247557
20250531,52,CNC,ELC3,2.818925735123275,3.095554911718917
20250531,53,CNC,ELC3,3.151325003084493,2.865796861257714
20250531,54,CNC,ELC3,3.5993695338617346,3.664121284401706
20250531,55,CNC,ELC3,2.876963789626085,2.80248940270039
20250531,56,CNC,ELC3,0.9285004226286231,0.8163784279838027
20250531,57,CNC,ELC3,0.8683053513065009,1.0447480392805522
20250531,58,CNC,ELC3,1.2588818887189412,1.3607899779168617
20250531,59,CNC,ELC3,1.3114938946177566,1.3559973564478875
20250531,60,CNC,ELC3,1.4498816880300394,1.2268900718691576
20250612,1,LMA,RTM,74.49042931370668,68.32784227969024
20250612,2,LMA,RTM,67.34591116179112,67.61479905295596
20250612,3,LMA,RTM,66.11745654082874,67.97986347497292
20250612,4,LMA,RTM,61.90571879660044,67.70217453758504
20250612,5,LMA,RTM,65.64020780168765,69.28507252167873
20250612,6,LMA,RTM,65.13615513520134,69.16269674808741
20250612,7,LMA,RTM,69.86161360043117,68.4684023067032
20250612,8,LMA,RTM,67.03501823711643,66.98795179126067
20250612,9,LMA,RTM,66.83513886781685,67.0044783984923
20250612,10,LMA,RTM,64.63807052535734,68.08040396627989
20250612,11,LMA,RTM,72.500424878962,69.00100671321391
20250612,12,LMA,RTM,64.85079560528074,68.5567531656233
20250612,13,LMA,RTM,71.32695400185608,69.34141313867335
20250612,14,LMA,RTM,67.0255248522399,66.96867754088727
20250612,15,LMA,RTM,66.05248559235956,67.73749114506188
20250612,16,LMA,RTM,61.48554961169283,63.84602630106572
20250612,17,LMA,RTM,56.17370818569662,63.175639500400436
20250612,18,LMA,RTM,56.77329939417756,59.32139699219308
20250612,19,LMA,RTM,57.469346829362905,59.06272563310955
20250612,20,LMA,RTM,54.11286306407831,60.885539332274575
20250612,21,LMA,RTM,68.3099046155782,67.1283848312247
20250612,22,LMA,RTM,55.42694909520374,57.999022809884465
20250612,23,LMA,RTM,52.68067913531843,59.46217393941642
20250612,24,LMA,RTM,61.41043861123825,59.62289698347825
20250612,25,LMA,RTM,59.77026139466505,57.59534320851035
20250612,26,LMA,RTM,65.23565024568094,69.72978176234525
20250612,27,LMA,RTM,72.52299660463771,69.68052304497868
20250612,28,LMA,RTM,73.11848414331318,67.17983761053678
20250612,29,LMA,RTM,70.82346012993692,67.88429144515845
20250612,30,LMA,RTM,65.61030907375267,69.22046917792082
20250612,31,LMA,RTM,63.63126315058286,64.34931652907687
20250612,32,LMA,RTM,66.35465030809229,68.72877886740342
20250612,33,LMA,RTM,70.93669175953379,64.83353586978836
20250612,34,LMA,RTM,63.64442387644355,67.47090532684878
20250612,35,LMA,RTM,69.71946447158264,69.12396618758218
20250612,36,LMA,RTM,72.36529820233636,66.39049088526278
20250612,37,LMA,RTM,69.99522437517757,69.61026133132121
20250612,38,LMA,RTM,70.08484170135077,69.29916798766006
20250612,39,LMA,RTM,66.9297695060573,69.69316155059249
20250612,40,LMA,RTM,64.41666159683199,66.86053149458601
20250612,41,LMA,RTM,63.7637871486988,59.368504732573314
20250612,42,LMA,RTM,64.65856548014514,68.70786202474767
20250612,43,LMA,RTM,66.48841390226839,58.56127885455052
20250612,44,LMA,RTM,55.58606346186237,61.631857590786694
20250612,45,LMA,RTM,64.60672349153691,68.70786202474767
20250612,46,LMA,RTM,70.41105224773776,68.48106968087046
20250612,47,LMA,RTM,70.2846248710751,66.74829356950072
20250612,48,LMA,RTM,68.64179013150826,68.39171108584375
20250612,49,LMA,RTM,69.33595615345138,66.68158268722155
20250612,50,LMA,RTM,73.34077532480204,67.23554934685916
20250612,51,LMA,RTM,68.22924700026192,68.58644779983715
20250612,52,LMA,RTM,69.45750246027428,68.29660146925248
20250612,53,LMA,RTM,66.18394215981259,68.97130354620677
20250612,54,LMA,RTM,71.74865123896852,69.87870805073368
20250612,55,LMA,RTM,69.44802319386616,68.74512545039146
20250612,56,LMA,RTM,73.52939070074251,65.56561036858999
20250612,57,LMA,RTM,60.410267891159485,61.37925583537988
20250612,58,LMA,RTM,61.15475249707154,65.37972893887633
20250612,59,LMA,RTM,67.40980031590709,65.86602696949996
20250612,60,LMA,RTM,61.78937519953468,59.09515925616564
20250612,1,LMA,ELC,74.49042931370668,67.30548538763155
20250612,2,LMA,ELC,67.34591116179112,66.58354508437604
20250612,3,LMA,ELC,66.11745654082874,67.84897256159807
20250612,4,LMA,ELC,61.90571879660044,67.89948022253185
20250612,5,LMA,ELC,65.64020780168765,70.58834887081476
20250612,6,LMA,ELC,65.13615513520134,66.79654905261795
20250612,7,LMA,ELC,69.86161360043117,70.17595437493642
20250612,8,LMA,ELC,67.03501823711643,66.42409769173408
20250612,9,LMA,ELC,66.83513886781685,66.30962983480816
20250612,10,LMA,ELC,64.63807052535734,67.15143197686034
20250612,11,LMA,ELC,72.500424878962,63.14673989422271
20250612,12,LMA,ELC,64.85079560528074,69.09914232784757
20250612,13,LMA,ELC,71.32695400185608,67.86452483765683
20250612,14,LMA,ELC,67.0255248522399,68.45675818536424
20250612,15,LMA,ELC,66.05248559235956,69.57390709944022
20250612,16,LMA,ELC,61.48554961169283,63.847173216413424
20250612,17,LMA,ELC,56.17370818569662,64.05377736365509
20250612,18,LMA,ELC,56.77329939417756,57.876940886554
20250612,19,LMA,ELC,57.469346829362905,59.382715036300034
20250612,20,LMA,ELC,54.11286306407831,60.35687001075381
20250612,21,LMA,ELC,68.3099046155782,67.0622771712031
20250612,22,LMA,ELC,55.42694909520374,56.62501768155157
20250612,23,LMA,ELC,52.68067913531843,58.765847143620775
20250612,24,LMA,ELC,61.41043861123825,61.316344142714286
20250612,25,LMA,ELC,59.77026139466505,65.47260528653469
20250612,26,LMA,ELC,65.23565024568094,66.9896692548948
20250612,27,LMA,ELC,72.52299660463771,68.61771544670856
20250612,28,LMA,ELC,73.11848414331318,68.02008203443485
20250612,29,LMA,ELC,70.82346012993692,66.72703021820455
20250612,30,LMA,ELC,65.61030907375267,69.39080977973632
20250612,31,LMA,ELC,63.63126315058286,69.29457686386645
20250612,32,LMA,ELC,66.35465030809229,69.6138180686149
20250612,33,LMA,ELC,70.93669175953379,67.19271608760198
20250612,34,LMA,ELC,63.64442387644355,67.81796515603594
20250612,35,LMA,ELC,69.71946447158264,68.62093952651027
20250612,36,LMA,ELC,72.36529820233636,68.33715571200094
20250612,37,LMA,ELC,69.99522437517757,68.14883275276102
20250612,38,LMA,ELC,70.08484170135077,71.0109242638521
20250612,39,LMA,ELC,66.9297695060573,68.51463097649264
20250612,40,LMA,ELC,64.41666159683199,68.78196384478275
20250612,41,LMA,ELC,63.7637871486988,60.759830154191356
20250612,42,LMA,ELC,64.65856548014514,68.19503248401524
20250612,43,LMA,ELC,66.48841390226839,59.127479336547474
20250612,44,LMA,ELC,55.58606346186237,61.05271973904732
20250612,45,LMA,ELC,64.60672349153691,68.09341885504004
20250612,46,LMA,ELC,70.41105224773776,67.52397409395921
20250612,47,LMA,ELC,70.2846248710751,68.31626329884361
20250612,48,LMA,ELC,68.64179013150826,68.2971633171761
20250612,49,LMA,ELC,69.33595615345138,69.23013775622474
20250612,50,LMA,ELC,73.34077532480204,69.89398205221161
20250612,51,LMA,ELC,68.22924700026192,67.35434829353902
20250612,52,LMA,ELC,69.45750246027428,69.44208331589375
20250612,53,LMA,ELC,66.18394215981259,70.72458558405403
20250612,54,LMA,ELC,71.74865123896852,67.15546571347363
20250612,55,LMA,ELC,69.44802319386616,66.858495484
20250612,56,LMA,ELC,73.52939070074251,66.02926958508661
20250612,57,LMA,ELC,60.410267891159485,60.9925346082087
20250612,58,LMA,ELC,61.15475249707154,63.883295986459615
20250612,59,LMA,ELC,67.40980031590709,61.35424067109191
20250612,60,LMA,ELC,61.78937519953468,58.83908475207998
20250612,1,LMA,ELC3,74.49042931370668,67.30548538763155
20250612,2,LMA,ELC3,67.34591116179112,66.58354508437604
20250612,3,LMA,ELC3,66.11745654082874,67.84897256159807
20250612,4,LMA,ELC3,61.90571879660044,67.89948022253185
20250612,5,LMA,ELC3,65.64020780168765,70.58834887081476
20250612,6,LMA,ELC3,65.13615513520134,66.79654905261795
20250612,7,LMA,ELC3,69.86161360043117,70.17595437493642
20250612,8,LMA,ELC3,67.03501823711643,66.42409769173408
20250612,9,LMA,ELC3,66.83513886781685,66.30962983480816
20250612,10,LMA,ELC3,64.63807052535734,67.15143197686034
20250612,11,LMA,ELC3,72.500424878962,63.14673989422271
20250612,12,LMA,ELC3,64.85079560528074,69.09914232784757
20250612,13,LMA,ELC3,71.32695400185608,67.86452483765683
20250612,14,LMA,ELC3,67.0255248522399,68.45675818536424
20250612,15,LMA,ELC3,66.05248559235956,69.57390709944022
20250612,16,LMA,ELC3,61.48554961169283,63.847173216413424
20250612,17,LMA,ELC3,56.17370818569662,64.05377736365509
20250612,18,LMA,ELC3,56.77329939417756,57.876940886554
20250612,19,LMA,ELC3,57.469346829362905,59.382715036300034
20250612,20,LMA,ELC3,54.11286306407831,60.35687001075381
20250612,21,LMA,ELC3,68.3099046155782,67.0622771712031
20250612,22,LMA,ELC3,55.42694909520374,56.62501768155157
20250612,23,LMA,ELC3,52.68067913531843,58.765847143620775
20250612,24,LMA,ELC3,61.41043861123825,61.316344142714286
20250612,25,LMA,ELC3,59.77026139466505,65.47260528653469
20250612,26,LMA,ELC3,65.23565024568094,66.9896692548948
20250612,27,LMA,ELC3,72.52299660463771,68.61771544670856
20250612,28,LMA,ELC3,73.11848414331318,68.02008203443485
20250612,29,LMA,ELC3,70.82346012993692,66.72703021820455
20250612,30,LMA,ELC3,65.61030907375267,69.39080977973632
20250612,31,LMA,ELC3,63.63126315058286,69.29457686386645
20250612,32,LMA,ELC3,66.35465030809229,69.6138180686149
20250612,33,LMA,ELC3,70.93669175953379,67.19271608760198
20250612,34,LMA,ELC3,63.64442387644355,67.81796515603594
20250612,35,LMA,ELC3,69.71946447158264,68.62093952651027
20250612,36,LMA,ELC3,72.36529820233636,68.33715571200094
20250612,37,LMA,ELC3,69.99522437517757,68.14883275276102
20250612,38,LMA,ELC3,70.08484170135077,71.0109242638521
20250612,39,LMA,ELC3,66.9297695060573,68.51463097649264
20250612,40,LMA,ELC3,64.41666159683199,68.78196384478275
20250612,41,LMA,ELC3,63.7637871486988,60.759830154191356
20250612,42,LMA,ELC3,64.65856548014514,68.19503248401524
20250612,43,LMA,ELC3,66.48841390226839,59.127479336547474
20250612,44,LMA,ELC3,55.58606346186237,61.05271973904732
20250612,45,LMA,ELC3,64.60672349153691,68.09341885504004
20250612,46,LMA,ELC3,70.41105224773776,67.52397409395921
20250612,47,LMA,ELC3,70.2846248710751,68.31626329884361
20250612,48,LMA,ELC3,68.64179013150826,68.2971633171761
20250612,49,LMA,ELC3,69.33595615345138,69.23013775622474
20250612,50,LMA,ELC3,73.34077532480204,69.89398205221161
20250612,51,LMA,ELC3,68.22924700026192,67.35434829353902
20250612,52,LMA,ELC3,69.45750246027428,69.44208331589375
20250612,53,LMA,ELC3,66.18394215981259,70.72458558405403
20250612,54,LMA,ELC3,71.74865123896852,67.15546571347363
20250612,55,LMA,ELC3,69.44802319386616,66.858495484
20250612,56,LMA,ELC3,73.52939070074251,66.02926958508661
20250612,57,LMA,ELC3,60.410267891159485,60.9925346082087
20250612,58,LMA,ELC3,61.15475249707154,63.883295986459615
20250612,59,LMA,ELC3,67.40980031590709,61.35424067109191
20250612,60,LMA,ELC3,61.78937519953468,58.83908475207998
20250612,1,LAI,RTM,1.664,1.3667099999999994
20250612,2,LAI,RTM,1.923,1.9861500000000012
20250612,3,LAI,RTM,2.059,2.047840000000001
20250612,4,LAI,RTM,2.252,2.015420000000002
20250612,5,LAI,RTM,2.159,1.4471600000000016
20250612,6,LAI,RTM,1.448,1.223419999999999
20250612,7,LAI,RTM,1.354,1.7324600000000006
20250612,8,LAI,RTM,2.203,1.5877100000000013
20250612,9,LAI,RTM,1.972,1.6764800000000009
20250612,10,LAI,RTM,2.212,1.6383400000000015
20250612,11,LAI,RTM,1.985,1.352659999999999
20250612,12,LAI,RTM,2.425,1.4303099999999997
20250612,13,LAI,RTM,2.194,1.4210300000000018
20250612,14,LAI,RTM,1.519,1.86592
20250612,15,LAI,RTM,2.168,1.9647900000000007
20250612,16,LAI,RTM,0.6174,0.6436099999999998
20250612,17,LAI,RTM,0.6654,0.6116330000000002
20250612,18,LAI,RTM,0.9693,0.5590360000000001
20250612,19,LAI,RTM,1.203,1.2971929999999992
20250612,20,LAI,RTM,1.386,1.1585000000000014
20250612,21,LAI,RTM,0.939,0.47133199999999986
20250612,22,LAI,RTM,1.083,1.0610920000000004
20250612,23,LAI,RTM,1.127,1.0576029999999998
20250612,24,LAI,RTM,1.129,0.8804810000000001
20250612,25,LAI,RTM,1.153,1.058782
20250612,26,LAI,RTM,1.806,1.973070000000001
20250612,27,LAI,RTM,1.721,1.9382199999999992
20250612,28,LAI,RTM,2.05,1.6262600000000014
20250612,29,LAI,RTM,1.807,1.9022800000000017
20250612,30,LAI,RTM,2.334,1.8158500000000002
20250612,31,LAI,RTM,1.02,0.6901200000000002
20250612,32,LAI,RTM,1.03,1.08685
20250612,33,LAI,RTM,1.17,1.3250899999999997
20250612,34,LAI,RTM,2.49,1.4967499999999998
20250612,35,LAI,RTM,1.13,1.873480000000001
20250612,36,LAI,RTM,0.74,1.9364700000000012
20250612,37,LAI,RTM,1.95,1.7343300000000026
20250612,38,LAI,RTM,2.09,1.6337700000000002
20250612,39,LAI,RTM,1.11,2.0804299999999984
20250612,40,LAI,RTM,0.93,1.8455800000000004
20250612,41,LAI,RTM,0.34,0.5834579999999998
20250612,42,LAI,RTM,0.29,0.6998799999999997
20250612,43,LAI,RTM,0.35,0.9906680000000001
20250612,44,LAI,RTM,0.82,0.5501720000000008
20250612,45,LAI,RTM,0.57,0.6998799999999997
20250612,46,LAI,RTM,0.96,1.3066460000000004
20250612,47,LAI,RTM,2.21,1.801290000000001
20250612,48,LAI,RTM,2.09,1.93695
20250612,49,LAI,RTM,1.25,2.1266600000000015
20250612,50,LAI,RTM,1.14,1.4965499999999994
20250612,51,LAI,RTM,0.87,0.93211
20250612,52,LAI,RTM,0.75,1.0982200000000006
20250612,53,LAI,RTM,1.1,1.8502500000000006
20250612,54,LAI,RTM,1.87,1.6123799999999995
20250612,55,LAI,RTM,1.26,1.15906
20250612,56,LAI,RTM,0.32,0.6322899999999997
20250612,57,LAI,RTM,0.78,0.5846230000000004
20250612,58,LAI,RTM,0.53,0.5937609999999998
20250612,59,LAI,RTM,0.41,0.5832420000000003
20250612,60,LAI,RTM,0.46,0.9255479999999995
20250612,1,LAI,ELC,1.664,1.3849930000000004
20250612,2,LAI,ELC,1.923,1.9326600000000014
20250612,3,LAI,ELC,2.059,1.9906100000000009
20250612,4,LAI,ELC,2.252,2.072010000000002
20250612,5,LAI,ELC,2.159,1.6633099999999998
20250612,6,LAI,ELC,1.448,1.5042200000000006
20250612,7,LAI,ELC,1.354,1.4397600000000008
20250612,8,LAI,ELC,2.203,1.832289999999999
20250612,9,LAI,ELC,1.972,1.4691700000000003
20250612,10,LAI,ELC,2.212,1.712530000000001
20250612,11,LAI,ELC,1.985,1.3595029999999997
20250612,12,LAI,ELC,2.425,1.3658799999999998
20250612,13,LAI,ELC,2.194,1.176393
20250612,14,LAI,ELC,1.519,1.0506299999999995
20250612,15,LAI,ELC,2.168,1.7214199999999993
20250612,16,LAI,ELC,0.6174,0.679486
20250612,17,LAI,ELC,0.6654,0.6214559999999999
20250612,18,LAI,ELC,0.9693,0.7465700000000001
20250612,19,LAI,ELC,1.203,1.3185319999999987
20250612,20,LAI,ELC,1.386,1.1423900000000007
20250612,21,LAI,ELC,0.939,0.5120299999999998
20250612,22,LAI,ELC,1.083,0.8839449999999996
20250612,23,LAI,ELC,1.127,1.205573999999999
20250612,24,LAI,ELC,1.129,0.6174299999999997
20250612,25,LAI,ELC,1.153,0.7014129999999997
20250612,26,LAI,ELC,1.806,1.3733800000000005
20250612,27,LAI,ELC,1.721,1.5452100000000002
20250612,28,LAI,ELC,2.05,1.735830000000001
20250612,29,LAI,ELC,1.807,2.0292900000000014
20250612,30,LAI,ELC,2.334,1.9146999999999992
20250612,31,LAI,ELC,1.02,1.36653
20250612,32,LAI,ELC,1.03,1.3180499999999997
20250612,33,LAI,ELC,1.17,1.4219299999999993
20250612,34,LAI,ELC,2.49,1.7076800000000005
20250612,35,LAI,ELC,1.13,1.8474100000000007
20250612,36,LAI,ELC,0.74,1.5312200000000014
20250612,37,LAI,ELC,1.95,1.63735
20250612,38,LAI,ELC,2.09,1.4914799999999995
20250612,39,LAI,ELC,1.11,1.6346100000000001
20250612,40,LAI,ELC,0.93,1.4480700000000004
20250612,41,LAI,ELC,0.34,0.7010039999999997
20250612,42,LAI,ELC,0.29,0.8410139999999993
20250612,43,LAI,ELC,0.35,0.9090699999999998
20250612,44,LAI,ELC,0.82,0.8741420000000005
20250612,45,LAI,ELC,0.57,0.8472039999999993
20250612,46,LAI,ELC,0.96,1.4914230000000004
20250612,47,LAI,ELC,2.21,1.7424600000000003
20250612,48,LAI,ELC,2.09,1.9395199999999988
20250612,49,LAI,ELC,1.25,1.974900000000001
20250612,50,LAI,ELC,1.14,1.3239329999999996
20250612,51,LAI,ELC,0.87,1.15853
20250612,52,LAI,ELC,0.75,1.3089400000000004
20250612,53,LAI,ELC,1.1,1.4029900000000008
20250612,54,LAI,ELC,1.87,1.4680499999999994
20250612,55,LAI,ELC,1.26,1.2962300000000004
20250612,56,LAI,ELC,0.32,0.6003799999999998
20250612,57,LAI,ELC,0.78,0.6537930000000002
20250612,58,LAI,ELC,0.53,0.669754
20250612,59,LAI,ELC,0.41,0.8371840000000003
20250612,60,LAI,ELC,0.46,1.0343379999999995
20250612,1,LAI,ELC3,1.664,1.3849930000000004
20250612,2,LAI,ELC3,1.923,1.9326600000000014
20250612,3,LAI,ELC3,2.059,1.9906100000000009
20250612,4,LAI,ELC3,2.252,2.072010000000002
20250612,5,LAI,ELC3,2.159,1.6633099999999998
20250612,6,LAI,ELC3,1.448,1.5042200000000006
20250612,7,LAI,ELC3,1.354,1.4397600000000008
20250612,8,LAI,ELC3,2.203,1.832289999999999
20250612,9,LAI,ELC3,1.972,1.4691700000000003
20250612,10,LAI,ELC3,2.212,1.712530000000001
20250612,11,LAI,ELC3,1.985,1.3595029999999997
20250612,12,LAI,ELC3,2.425,1.3658799999999998
20250612,13,LAI,ELC3,2.194,1.176393
20250612,14,LAI,ELC3,1.519,1.0506299999999995
20250612,15,LAI,ELC3,2.168,1.7214199999999993
20250612,16,LAI,ELC3,0.6174,0.679486
20250612,17,LAI,ELC3,0.6654,0.6214559999999999
20250612,18,LAI,ELC3,0.9693,0.7465700000000001
20250612,19,LAI,ELC3,1.203,1.3185319999999987
20250612,20,LAI,ELC3,1.386,1.1423900000000007
20250612,21,LAI,ELC3,0.939,0.5120299999999998
20250612,22,LAI,ELC3,1.083,0.8839449999999996
20250612,23,LAI,ELC3,1.127,1.205573999999999
20250612,24,LAI,ELC3,1.129,0.6174299999999997
20250612,25,LAI,ELC3,1.153,0.7014129999999997
20250612,26,LAI,ELC3,1.806,1.3733800000000005
20250612,27,LAI,ELC3,1.721,1.5452100000000002
20250612,28,LAI,ELC3,2.05,1.735830000000001
20250612,29,LAI,ELC3,1.807,2.0292900000000014
20250612,30,LAI,ELC3,2.334,1.9146999999999992
20250612,31,LAI,ELC3,1.02,1.36653
20250612,32,LAI,ELC3,1.03,1.3180499999999997
20250612,33,LAI,ELC3,1.17,1.4219299999999993
20250612,34,LAI,ELC3,2.49,1.7076800000000005
20250612,35,LAI,ELC3,1.13,1.8474100000000007
20250612,36,LAI,ELC3,0.74,1.5312200000000014
20250612,37,LAI,ELC3,1.95,1.63735
20250612,38,LAI,ELC3,2.09,1.4914799999999995
20250612,39,LAI,ELC3,1.11,1.6346100000000001
20250612,40,LAI,ELC3,0.93,1.4480700000000004
20250612,41,LAI,ELC3,0.34,0.7010039999999997
20250612,42,LAI,ELC3,0.29,0.8410139999999993
20250612,43,LAI,ELC3,0.35,0.9090699999999998
20250612,44,LAI,ELC3,0.82,0.8741420000000005
20250612,45,LAI,ELC3,0.57,0.8472039999999993
20250612,46,LAI,ELC3,0.96,1.4914230000000004
20250612,47,LAI,ELC3,2.21,1.7424600000000003
20250612,48,LAI,ELC3,2.09,1.9395199999999988
20250612,49,LAI,ELC3,1.25,1.974900000000001
20250612,50,LAI,ELC3,1.14,1.3239329999999996
20250612,51,LAI,ELC3,0.87,1.15853
20250612,52,LAI,ELC3,0.75,1.3089400000000004
20250612,53,LAI,ELC3,1.1,1.4029900000000008
20250612,54,LAI,ELC3,1.87,1.4680499999999994
20250612,55,LAI,ELC3,1.26,1.2962300000000004
20250612,56,LAI,ELC3,0.32,0.6003799999999998
20250612,57,LAI,ELC3,0.78,0.6537930000000002
20250612,58,LAI,ELC3,0.53,0.669754
20250612,59,LAI,ELC3,0.41,0.8371840000000003
20250612,60,LAI,ELC3,0.46,1.0343379999999995
20250612,1,LNC,RTM,4.798,4.260619999999999
20250612,2,LNC,RTM,4.404,4.474379999999999
20250612,3,LNC,RTM,4.394,4.5418999999999965
20250612,4,LNC,RTM,4.184,4.349380000000003
20250612,5,LNC,RTM,4.615,4.329130000000003
20250612,6,LNC,RTM,4.016,4.086389999999999
20250612,7,LNC,RTM,4.063,4.047979999999998
20250612,8,LNC,RTM,4.31,4.245310000000001
20250612,9,LNC,RTM,4.44,4.16772
20250612,10,LNC,RTM,3.756,4.304439999999999
20250612,11,LNC,RTM,3.969,4.16729
20250612,12,LNC,RTM,3.911,4.270610000000001
20250612,13,LNC,RTM,3.928,4.056819999999998
20250612,14,LNC,RTM,3.933,4.427110000000002
20250612,15,LNC,RTM,4.604,4.434069999999999
20250612,16,LNC,RTM,3.022,2.492120000000002
20250612,17,LNC,RTM,2.432,2.4744000000000024
20250612,18,LNC,RTM,2.408,2.5442199999999984
20250612,19,LNC,RTM,2.404,2.6222400000000046
20250612,20,LNC,RTM,2.235,2.7510499999999984
20250612,21,LNC,RTM,2.113,2.69594
20250612,22,LNC,RTM,2.434,2.489679999999998
20250612,23,LNC,RTM,2.303,2.55814
20250612,24,LNC,RTM,2.779,2.638539999999997
20250612,25,LNC,RTM,2.62,2.6948699999999968
20250612,26,LNC,RTM,4.811,4.269779999999997
20250612,27,LNC,RTM,4.528,4.305079999999998
20250612,28,LNC,RTM,4.608,4.497299999999999
20250612,29,LNC,RTM,4.577,4.492670000000001
20250612,30,LNC,RTM,4.338,4.444680000000003
20250612,31,LNC,RTM,4.837,3.9052299999999995
20250612,32,LNC,RTM,4.399,4.619409999999997
20250612,33,LNC,RTM,4.71,4.4354499999999994
20250612,34,LNC,RTM,4.383,4.536939999999998
20250612,35,LNC,RTM,4.484,4.421490000000001
20250612,36,LNC,RTM,4.028,4.119179999999999
20250612,37,LNC,RTM,4.126,4.236029999999996
20250612,38,LNC,RTM,4.308,4.119149999999996
20250612,39,LNC,RTM,3.923,4.075849999999994
20250612,40,LNC,RTM,4.444,4.185719999999996
20250612,41,LNC,RTM,2.68,2.4244099999999986
20250612,42,LNC,RTM,2.568,2.541079999999999
20250612,43,LNC,RTM,2.902,2.5794799999999993
20250612,44,LNC,RTM,2.489,2.616149999999998
20250612,45,LNC,RTM,3.153,2.541079999999999
20250612,46,LNC,RTM,4.616,4.322420000000001
20250612,47,LNC,RTM,4.683,4.47588
20250612,48,LNC,RTM,4.115,4.443610000000002
20250612,49,LNC,RTM,4.505,4.447030000000002
20250612,50,LNC,RTM,4.574,4.402609999999999
20250612,51,LNC,RTM,4.236,4.076530000000003
20250612,52,LNC,RTM,3.93,4.361319999999996
20250612,53,LNC,RTM,4.217,4.252910000000001
20250612,54,LNC,RTM,4.18,4.555399999999998
20250612,55,LNC,RTM,4.324,4.177530000000001
20250612,56,LNC,RTM,2.234,2.3892600000000015
20250612,57,LNC,RTM,2.622,2.4888200000000014
20250612,58,LNC,RTM,2.5,2.639940000000001
20250612,59,LNC,RTM,2.817,2.4120500000000002
20250612,60,LNC,RTM,2.447,2.5917300000000005
20250612,1,LNC,ELC,4.798,4.311829999999998
20250612,2,LNC,ELC,4.404,4.4517
20250612,3,LNC,ELC,4.394,4.471929999999997
20250612,4,LNC,ELC,4.184,4.443860000000001
20250612,5,LNC,ELC,4.615,4.44012
20250612,6,LNC,ELC,4.016,4.137419999999999
20250612,7,LNC,ELC,4.063,4.126250000000002
20250612,8,LNC,ELC,4.31,4.057699999999998
20250612,9,LNC,ELC,4.44,4.115069999999999
20250612,10,LNC,ELC,3.756,4.3835500000000005
20250612,11,LNC,ELC,3.969,3.6937900000000012
20250612,12,LNC,ELC,3.911,3.812509999999997
20250612,13,LNC,ELC,3.928,4.3523799999999975
20250612,14,LNC,ELC,3.933,4.259950000000002
20250612,15,LNC,ELC,4.604,4.469149999999997
20250612,16,LNC,ELC,3.022,2.6153100000000022
20250612,17,LNC,ELC,2.432,2.5935200000000025
20250612,18,LNC,ELC,2.408,2.6192099999999976
20250612,19,LNC,ELC,2.404,2.583730000000004
20250612,20,LNC,ELC,2.235,2.5951699999999978
20250612,21,LNC,ELC,2.113,2.59052
20250612,22,LNC,ELC,2.434,2.411859999999997
20250612,23,LNC,ELC,2.303,2.466339999999998
20250612,24,LNC,ELC,2.779,2.6809400000000028
20250612,25,LNC,ELC,2.62,2.5997300000000028
20250612,26,LNC,ELC,4.811,4.429329999999997
20250612,27,LNC,ELC,4.528,4.418229999999999
20250612,28,LNC,ELC,4.608,4.394860000000001
20250612,29,LNC,ELC,4.577,4.158890000000002
20250612,30,LNC,ELC,4.338,4.52901
20250612,31,LNC,ELC,4.837,3.9279199999999985
20250612,32,LNC,ELC,4.399,4.497129999999998
20250612,33,LNC,ELC,4.71,4.436509999999998
20250612,34,LNC,ELC,4.383,4.4778199999999995
20250612,35,LNC,ELC,4.484,4.450069999999999
20250612,36,LNC,ELC,4.028,4.002899999999999
20250612,37,LNC,ELC,4.126,4.4170000000000025
20250612,38,LNC,ELC,4.308,4.569739999999999
20250612,39,LNC,ELC,3.923,4.6319199999999965
20250612,40,LNC,ELC,4.444,4.254400000000002
20250612,41,LNC,ELC,2.68,2.610629999999998
20250612,42,LNC,ELC,2.568,2.3858499999999996
20250612,43,LNC,ELC,2.902,2.53613
20250612,44,LNC,ELC,2.489,2.6774499999999977
20250612,45,LNC,ELC,3.153,2.3858499999999996
20250612,46,LNC,ELC,4.616,4.402810000000002
20250612,47,LNC,ELC,4.683,4.45593
20250612,48,LNC,ELC,4.115,4.467660000000001
20250612,49,LNC,ELC,4.505,4.491160000000004
20250612,50,LNC,ELC,4.574,4.355349999999995
20250612,51,LNC,ELC,4.236,4.006740000000001
20250612,52,LNC,ELC,3.93,4.176549999999994
20250612,53,LNC,ELC,4.217,4.120820000000004
20250612,54,LNC,ELC,4.18,4.171219999999996
20250612,55,LNC,ELC,4.324,4.271329999999999
20250612,56,LNC,ELC,2.234,2.5434100000000033
20250612,57,LNC,ELC,2.622,2.5482599999999995
20250612,58,LNC,ELC,2.5,2.7003400000000006
20250612,59,LNC,ELC,2.817,2.6230899999999995
20250612,60,LNC,ELC,2.447,2.4803200000000016
20250612,1,LNC,ELC3,4.798,4.311829999999998
20250612,2,LNC,ELC3,4.404,4.4517
20250612,3,LNC,ELC3,4.394,4.471929999999997
20250612,4,LNC,ELC3,4.184,4.443860000000001
20250612,5,LNC,ELC3,4.615,4.44012
20250612,6,LNC,ELC3,4.016,4.137419999999999
20250612,7,LNC,ELC3,4.063,4.126250000000002
20250612,8,LNC,ELC3,4.31,4.057699999999998
20250612,9,LNC,ELC3,4.44,4.115069999999999
20250612,10,LNC,ELC3,3.756,4.3835500000000005
20250612,11,LNC,ELC3,3.969,3.6937900000000012
20250612,12,LNC,ELC3,3.911,3.812509999999997
20250612,13,LNC,ELC3,3.928,4.3523799999999975
20250612,14,LNC,ELC3,3.933,4.259950000000002
20250612,15,LNC,ELC3,4.604,4.469149999999997
20250612,16,LNC,ELC3,3.022,2.6153100000000022
20250612,17,LNC,ELC3,2.432,2.5935200000000025
20250612,18,LNC,ELC3,2.408,2.6192099999999976
20250612,19,LNC,ELC3,2.404,2.583730000000004
20250612,20,LNC,ELC3,2.235,2.5951699999999978
20250612,21,LNC,ELC3,2.113,2.59052
20250612,22,LNC,ELC3,2.434,2.411859999999997
20250612,23,LNC,ELC3,2.303,2.466339999999998
20250612,24,LNC,ELC3,2.779,2.6809400000000028
20250612,25,LNC,ELC3,2.62,2.5997300000000028
20250612,26,LNC,ELC3,4.811,4.429329999999997
20250612,27,LNC,ELC3,4.528,4.418229999999999
20250612,28,LNC,ELC3,4.608,4.394860000000001
20250612,29,LNC,ELC3,4.577,4.158890000000002
20250612,30,LNC,ELC3,4.338,4.52901
20250612,31,LNC,ELC3,4.837,3.9279199999999985
20250612,32,LNC,ELC3,4.399,4.497129999999998
20250612,33,LNC,ELC3,4.71,4.436509999999998
20250612,34,LNC,ELC3,4.383,4.4778199999999995
20250612,35,LNC,ELC3,4.484,4.450069999999999
20250612,36,LNC,ELC3,4.028,4.002899999999999
20250612,37,LNC,ELC3,4.126,4.4170000000000025
20250612,38,LNC,ELC3,4.308,4.569739999999999
20250612,39,LNC,ELC3,3.923,4.6319199999999965
20250612,40,LNC,ELC3,4.444,4.254400000000002
20250612,41,LNC,ELC3,2.68,2.610629999999998
20250612,42,LNC,ELC3,2.568,2.3858499999999996
20250612,43,LNC,ELC3,2.902,2.53613
20250612,44,LNC,ELC3,2.489,2.6774499999999977
20250612,45,LNC,ELC3,3.153,2.3858499999999996
20250612,46,LNC,ELC3,4.616,4.402810000000002
20250612,47,LNC,ELC3,4.683,4.45593
20250612,48,LNC,ELC3,4.115,4.467660000000001
20250612,49,LNC,ELC3,4.505,4.491160000000004
20250612,50,LNC,ELC3,4.574,4.355349999999995
20250612,51,LNC,ELC3,4.236,4.006740000000001
20250612,52,LNC,ELC3,3.93,4.176549999999994
20250612,53,LNC,ELC3,4.217,4.120820000000004
20250612,54,LNC,ELC3,4.18,4.171219999999996
20250612,55,LNC,ELC3,4.324,4.271329999999999
20250612,56,LNC,ELC3,2.234,2.5434100000000033
20250612,57,LNC,ELC3,2.622,2.5482599999999995
20250612,58,LNC,ELC3,2.5,2.7003400000000006
20250612,59,LNC,ELC3,2.817,2.6230899999999995
20250612,60,LNC,ELC3,2.447,2.4803200000000016
20250612,1,CNC,RTM,5.94722052865682,3.9713561343422668
20250612,2,CNC,RTM,5.703452482708036,5.9677080079229805
20250612,3,CNC,RTM,5.981808942191867,6.027908163985951
20250612,4,CNC,RTM,5.832984638060865,5.797192415575593
20250612,5,CNC,RTM,6.540249178913385,4.387922982714327
20250612,6,CNC,RTM,3.7877768498525843,3.6480184607376764
20250612,7,CNC,RTM,3.8432983462327917,4.298417733454293
20250612,8,CNC,RTM,6.364928057101439,4.356849803858072
20250612,9,CNC,RTM,5.851870886821668,4.1416118661775085
20250612,10,CNC,RTM,5.370306714798517,4.85040567687692
20250612,11,CNC,RTM,5.7119205989403135,3.476446907153039
20250612,12,CNC,RTM,6.150562944097134,4.223640984272841
20250612,13,CNC,RTM,6.146979720505238,4.154410185595782
20250612,14,CNC,RTM,4.004257002614225,5.441504801921192
20250612,15,CNC,RTM,6.593010354705404,5.779380559098946
20250612,16,CNC,RTM,1.1471868091404316,1.006144478196581
20250612,17,CNC,RTM,0.9090326055788647,0.9745634875775302
20250612,18,CNC,RTM,1.3251310471948536,1.1285123668061865
20250612,19,CNC,RTM,1.6620204066267945,1.9188432077658106
20250612,20,CNC,RTM,1.6762595704222598,1.8297264273563434
20250612,21,CNC,RTM,1.3553415991710105,0.7765421636439562
20250612,22,CNC,RTM,1.4610665720783715,1.4428264947349805
20250612,23,CNC,RTM,1.3673170176281542,1.6253645053720052
20250612,24,CNC,RTM,1.9267469844881246,1.2550611340307365
20250612,25,CNC,RTM,1.8055759183668787,1.6162774468203234
20250612,26,CNC,RTM,5.668107762775397,5.641753886018117
20250612,27,CNC,RTM,5.65149085365001,5.884449401417856
20250612,28,CNC,RTM,6.907064486113936,4.958371596234027
20250612,29,CNC,RTM,5.857552714656014,6.048577632586013
20250612,30,CNC,RTM,6.642972934583659,5.445337239650078
20250612,31,CNC,RTM,3.1394010825655667,2.044504768770587
20250612,32,CNC,RTM,3.0065092990645694,3.7742848621807252
20250612,33,CNC,RTM,3.9091082727926283,4.145791853065762
20250612,34,CNC,RTM,6.945942395276257,4.9459449396751305
20250612,35,CNC,RTM,3.532629489203515,5.348690030104118
20250612,36,CNC,RTM,2.15700691657668,4.968722575510279
20250612,37,CNC,RTM,5.631605767553662,5.307095736833445
20250612,38,CNC,RTM,6.310242909232859,4.849269641203726
20250612,39,CNC,RTM,2.914476892072117,5.891929912063825
20250612,40,CNC,RTM,2.6622890904677883,4.985168188782868
20250612,41,CNC,RTM,0.5810156284989435,0.8642208056988661
20250612,42,CNC,RTM,0.48152526884373686,1.0547256272739407
20250612,43,CNC,RTM,0.67532282000534,1.4384542579058226
20250612,44,CNC,RTM,1.1345004380439185,0.9131076368367226
20250612,45,CNC,RTM,1.1611184952622504,1.0547256272739407
20250612,46,CNC,RTM,3.1201672048853513,4.2270222953066074
20250612,47,CNC,RTM,7.274058051794506,5.348456517751258
20250612,48,CNC,RTM,5.903434197575171,5.764949011109102
20250612,49,CNC,RTM,3.9044810308912306,6.199864973056277
20250612,50,CNC,RTM,3.8242520522263477,4.192257350896452
20250612,51,CNC,RTM,2.514466085550053,2.6691076329196064
20250612,52,CNC,RTM,2.0472598850165844,2.859563469321591
20250612,53,CNC,RTM,3.0700745249672265,5.213286495354474
20250612,54,CNC,RTM,5.608305072745214,4.428362268844401
20250612,55,CNC,RTM,3.7836949788574934,3.4228409102548913
20250612,56,CNC,RTM,0.5256469082414681,1.0518245067111247
20250612,57,CNC,RTM,1.2354866348028375,0.8899806359667063
20250612,58,CNC,RTM,0.810300470586198,0.9574765340727532
20250612,59,CNC,RTM,0.7785629707086322,0.8402040563209654
20250612,60,CNC,RTM,0.6955135651210023,1.2254827263471655
20250612,1,CNC,ELC,5.94722052865682,3.6780160133771505
20250612,2,CNC,ELC,5.703452482708036,5.903838958804037
20250612,3,CNC,ELC,5.981808942191867,6.009311340500301
20250612,4,CNC,ELC,5.832984638060865,6.1116940155862745
20250612,5,CNC,ELC,6.540249178913385,5.031879326020474
20250612,6,CNC,ELC,3.7877768498525843,4.1458230038797295
20250612,7,CNC,ELC,3.8432983462327917,4.7581538857830745
20250612,8,CNC,ELC,6.364928057101439,4.995309006787183
20250612,9,CNC,ELC,5.851870886821668,3.8964423390992717
20250612,10,CNC,ELC,5.370306714798517,5.035287006702601
20250612,11,CNC,ELC,5.7119205989403135,4.149522231108488
20250612,12,CNC,ELC,6.150562944097134,4.289608887216136
20250612,13,CNC,ELC,6.146979720505238,3.4565274619477218
20250612,14,CNC,ELC,4.004257002614225,2.945806418874852
20250612,15,CNC,ELC,6.593010354705404,5.2724753229508075
20250612,16,CNC,ELC,1.1471868091404316,1.0921112348766224
20250612,17,CNC,ELC,0.9090326055788647,1.014438401866494
20250612,18,CNC,ELC,1.3251310471948536,1.2748940488162668
20250612,19,CNC,ELC,1.6620204066267945,2.1867104972639213
20250612,20,CNC,ELC,1.6762595704222598,1.9941601035645278
20250612,21,CNC,ELC,1.3553415991710105,0.7882514624188388
20250612,22,CNC,ELC,1.4610665720783715,1.2240220613415054
20250612,23,CNC,ELC,1.3673170176281542,1.4788112256560617
20250612,24,CNC,ELC,1.9267469844881246,0.9509500129449974
20250612,25,CNC,ELC,1.8055759183668787,0.9839370212765602
20250612,26,CNC,ELC,5.668107762775397,4.318245490525319
20250612,27,CNC,ELC,5.65149085365001,4.679126242889409
20250612,28,CNC,ELC,6.907064486113936,5.082108376368849
20250612,29,CNC,ELC,5.857552714656014,5.890978907552778
20250612,30,CNC,ELC,6.642972934583659,5.788811140256928
20250612,31,CNC,ELC,3.1394010825655667,3.9422078256163418
20250612,32,CNC,ELC,3.0065092990645694,4.006834202434765
20250612,33,CNC,ELC,3.9091082727926283,4.509015242651789
20250612,34,CNC,ELC,6.945942395276257,5.44080545809197
20250612,35,CNC,ELC,3.532629489203515,5.71079572190494
20250612,36,CNC,ELC,2.15700691657668,4.808298972650231
20250612,37,CNC,ELC,5.631605767553662,4.819160280878096
20250612,38,CNC,ELC,6.310242909232859,4.9391478424169915
20250612,39,CNC,ELC,2.914476892072117,5.131843327771481
20250612,40,CNC,ELC,2.6622890904677883,4.149016284489838
20250612,41,CNC,ELC,0.5810156284989435,1.1611601910159248
20250612,42,CNC,ELC,0.48152526884373686,1.3556100598287215
20250612,43,CNC,ELC,0.67532282000534,1.2839614033727016
20250612,44,CNC,ELC,1.1345004380439185,1.335132031670174
20250612,45,CNC,ELC,1.1611184952622504,1.369357418023865
20250612,46,CNC,ELC,3.1201672048853513,4.823746187728217
20250612,47,CNC,ELC,7.274058051794506,5.584479064593927
20250612,48,CNC,ELC,5.903434197575171,5.715527363638755
20250612,49,CNC,ELC,3.9044810308912306,5.830632106903749
20250612,50,CNC,ELC,3.8242520522263477,3.9077725136883585
20250612,51,CNC,ELC,2.514466085550053,3.5170546757967727
20250612,52,CNC,ELC,2.0472598850165844,3.6649664762910352
20250612,53,CNC,ELC,3.0700745249672265,4.478564769192359
20250612,54,CNC,ELC,5.608305072745214,4.660283124588699
20250612,55,CNC,ELC,3.7836949788574934,3.4753056647109575
20250612,56,CNC,ELC,0.5256469082414681,0.8236731255057395
20250612,57,CNC,ELC,1.2354866348028375,0.9426005031092867
20250612,58,CNC,ELC,0.810300470586198,1.1394562468629759
20250612,59,CNC,ELC,0.7785629707086322,1.4329380260860654
20250612,60,CNC,ELC,0.6955135651210023,1.4333638804666944
20250612,1,CNC,ELC3,5.94722052865682,3.6780160133771505
20250612,2,CNC,ELC3,5.703452482708036,5.903838958804037
20250612,3,CNC,ELC3,5.981808942191867,6.009311340500301
20250612,4,CNC,ELC3,5.832984638060865,6.1116940155862745
20250612,5,CNC,ELC3,6.540249178913385,5.031879326020474
20250612,6,CNC,ELC3,3.7877768498525843,4.1458230038797295
20250612,7,CNC,ELC3,3.8432983462327917,4.7581538857830745
20250612,8,CNC,ELC3,6.364928057101439,4.995309006787183
20250612,9,CNC,ELC3,5.851870886821668,3.8964423390992717
20250612,10,CNC,ELC3,5.370306714798517,5.035287006702601
20250612,11,CNC,ELC3,5.7119205989403135,4.149522231108488
20250612,12,CNC,ELC3,6.150562944097134,4.289608887216136
20250612,13,CNC,ELC3,6.146979720505238,3.4565274619477218
20250612,14,CNC,ELC3,4.004257002614225,2.945806418874852
20250612,15,CNC,ELC3,6.593010354705404,5.2724753229508075
20250612,16,CNC,ELC3,1.1471868091404316,1.0921112348766224
20250612,17,CNC,ELC3,0.9090326055788647,1.014438401866494
20250612,18,CNC,ELC3,1.3251310471948536,1.2748940488162668
20250612,19,CNC,ELC3,1.6620204066267945,2.1867104972639213
20250612,20,CNC,ELC3,1.6762595704222598,1.9941601035645278
20250612,21,CNC,ELC3,1.3553415991710105,0.7882514624188388
20250612,22,CNC,ELC3,1.4610665720783715,1.2240220613415054
20250612,23,CNC,ELC3,1.3673170176281542,1.4788112256560617
20250612,24,CNC,ELC3,1.9267469844881246,0.9509500129449974
20250612,25,CNC,ELC3,1.8055759183668787,0.9839370212765602
20250612,26,CNC,ELC3,5.668107762775397,4.318245490525319
20250612,27,CNC,ELC3,5.65149085365001,4.679126242889409
20250612,28,CNC,ELC3,6.907064486113936,5.082108376368849
20250612,29,CNC,ELC3,5.857552714656014,5.890978907552778
20250612,30,CNC,ELC3,6.642972934583659,5.788811140256928
20250612,31,CNC,ELC3,3.1394010825655667,3.9422078256163418
20250612,32,CNC,ELC3,3.0065092990645694,4.006834202434765
20250612,33,CNC,ELC3,3.9091082727926283,4.509015242651789
20250612,34,CNC,ELC3,6.945942395276257,5.44080545809197
20250612,35,CNC,ELC3,3.532629489203515,5.71079572190494
20250612,36,CNC,ELC3,2.15700691657668,4.808298972650231
20250612,37,CNC,ELC3,5.631605767553662,4.819160280878096
20250612,38,CNC,ELC3,6.310242909232859,4.9391478424169915
20250612,39,CNC,ELC3,2.914476892072117,5.131843327771481
20250612,40,CNC,ELC3,2.6622890904677883,4.149016284489838
20250612,41,CNC,ELC3,0.5810156284989435,1.1611601910159248
20250612,42,CNC,ELC3,0.48152526884373686,1.3556100598287215
20250612,43,CNC,ELC3,0.67532282000534,1.2839614033727016
20250612,44,CNC,ELC3,1.1345004380439185,1.335132031670174
20250612,45,CNC,ELC3,1.1611184952622504,1.369357418023865
20250612,46,CNC,ELC3,3.1201672048853513,4.823746187728217
20250612,47,CNC,ELC3,7.274058051794506,5.584479064593927
20250612,48,CNC,ELC3,5.903434197575171,5.715527363638755
20250612,49,CNC,ELC3,3.9044810308912306,5.830632106903749
20250612,50,CNC,ELC3,3.8242520522263477,3.9077725136883585
20250612,51,CNC,ELC3,2.514466085550053,3.5170546757967727
20250612,52,CNC,ELC3,2.0472598850165844,3.6649664762910352
20250612,53,CNC,ELC3,3.0700745249672265,4.478564769192359
20250612,54,CNC,ELC3,5.608305072745214,4.660283124588699
20250612,55,CNC,ELC3,3.7836949788574934,3.4753056647109575
20250612,56,CNC,ELC3,0.5256469082414681,0.8236731255057395
20250612,57,CNC,ELC3,1.2354866348028375,0.9426005031092867
20250612,58,CNC,ELC3,0.810300470586198,1.1394562468629759
20250612,59,CNC,ELC3,0.7785629707086322,1.4329380260860654
20250612,60,CNC,ELC3,0.6955135651210023,1.4333638804666944
20250625,1,LMA,RTM,61.988438289659115,63.378855357973805
20250625,2,LMA,RTM,63.7501583779836,65.71390282593661
20250625,3,LMA,RTM,60.89118494129543,65.57808293458191
20250625,4,LMA,RTM,64.43663548568709,63.99117929382246
20250625,5,LMA,RTM,60.908420069445135,66.2382797110138
20250625,6,LMA,RTM,59.923747230726725,63.83514685882258
20250625,7,LMA,RTM,63.45104277519168,65.11603808240272
20250625,8,LMA,RTM,69.80738155315258,63.32482014055554
20250625,9,LMA,RTM,58.55980759981754,64.25398695714613
20250625,10,LMA,RTM,57.874709865043606,63.533094944072175
20250625,11,LMA,RTM,63.21731556555312,61.62987746178821
20250625,12,LMA,RTM,67.35067578880545,64.86720987975579
20250625,13,LMA,RTM,63.1742539140036,64.59842614866662
20250625,14,LMA,RTM,63.49758622518404,64.67940548800973
20250625,15,LMA,RTM,60.581077639517126,65.40172024494169
20250625,16,LMA,RTM,59.09475593470243,63.04243215356873
20250625,17,LMA,RTM,58.65230896958341,62.243701293237
20250625,18,LMA,RTM,67.10889257500254,58.334834025495766
20250625,19,LMA,RTM,58.0531490862471,60.095175610704764
20250625,20,LMA,RTM,59.12224077984843,59.93594753808055
20250625,21,LMA,RTM,68.33636852570238,60.75981857049537
20250625,22,LMA,RTM,55.59950602618176,55.577349484403555
20250625,23,LMA,RTM,49.253650878547035,59.50018252128011
20250625,24,LMA,RTM,68.18973926241298,59.60337439354488
20250625,25,LMA,RTM,57.92205119242712,59.15546852488505
20250625,26,LMA,RTM,64.38377917791148,62.732430786785535
20250625,27,LMA,RTM,66.18787611025361,63.21391845115809
20250625,28,LMA,RTM,71.38537934830146,62.21940490384306
20250625,29,LMA,RTM,63.76331836906208,66.16783570119759
20250625,30,LMA,RTM,64.64987078767045,65.73323890460527
20250625,31,LMA,RTM,64.86028619175698,66.00857304952115
20250625,32,LMA,RTM,65.79261490837642,81.72196339572557
20250625,33,LMA,RTM,93.83839748591508,67.29355452329187
20250625,34,LMA,RTM,69.56824369555478,66.70214721787289
20250625,35,LMA,RTM,72.94165001152237,65.74567257429845
20250625,36,LMA,RTM,63.038590490082115,62.00341246479934
20250625,37,LMA,RTM,63.299493240409134,63.91489888585633
20250625,38,LMA,RTM,67.75992566161347,65.4477467558965
20250625,39,LMA,RTM,68.80850266509972,63.874873922624154
20250625,40,LMA,RTM,60.23954972600186,64.08228209933843
20250625,41,LMA,RTM,62.619009880789754,65.03319932422822
20250625,42,LMA,RTM,48.43372368643771,63.353422752250665
20250625,43,LMA,RTM,42.94979440559432,61.98815743460958
20250625,44,LMA,RTM,58.81663920742562,61.14725485921301
20250625,45,LMA,RTM,68.40748330619468,72.54201300298786
20250625,46,LMA,RTM,58.87032617342879,65.28133716306662
20250625,47,LMA,RTM,65.87314153539936,67.2923113904545
20250625,48,LMA,RTM,68.32369596969231,69.00564428348092
20250625,49,LMA,RTM,77.51804377964378,66.58266475415219
20250625,50,LMA,RTM,69.29198058164363,64.92761360981224
20250625,51,LMA,RTM,62.527478393491336,63.16041480572539
20250625,52,LMA,RTM,66.32248790336963,81.75226409015346
20250625,53,LMA,RTM,59.55007934682505,74.02714295083352
20250625,54,LMA,RTM,62.86739058996354,65.12333922855856
20250625,55,LMA,RTM,70.71823367277311,61.73431224111508
20250625,56,LMA,RTM,70.93496903135102,63.43558420021383
20250625,57,LMA,RTM,62.25342083710607,56.33701204702425
20250625,58,LMA,RTM,62.509695442391546,63.33494519313
20250625,59,LMA,RTM,62.13645535549148,62.49192821978322
20250625,60,LMA,RTM,58.997536010837244,62.45253913590738
20250625,1,LMA,ELC,61.988438289659115,63.75723273261572
20250625,2,LMA,ELC,63.7501583779836,67.29302057078812
20250625,3,LMA,ELC,60.89118494129543,66.77958681564954
20250625,4,LMA,ELC,64.43663548568709,65.01778757619894
20250625,5,LMA,ELC,60.908420069445135,65.58305881080399
20250625,6,LMA,ELC,59.923747230726725,62.483436889063114
20250625,7,LMA,ELC,63.45104277519168,66.10658618790505
20250625,8,LMA,ELC,69.80738155315258,62.92734584595337
20250625,9,LMA,ELC,58.55980759981754,64.25475702542961
20250625,10,LMA,ELC,57.874709865043606,66.3976566178966
20250625,11,LMA,ELC,63.21731556555312,60.967352784936296
20250625,12,LMA,ELC,67.35067578880545,64.66176947912817
20250625,13,LMA,ELC,63.1742539140036,64.4729911178278
20250625,14,LMA,ELC,63.49758622518404,64.5750892368455
20250625,15,LMA,ELC,60.581077639517126,64.89212264087914
20250625,16,LMA,ELC,59.09475593470243,61.290329948981395
20250625,17,LMA,ELC,58.65230896958341,59.72751683676467
20250625,18,LMA,ELC,67.10889257500254,58.749966354837824
20250625,19,LMA,ELC,58.0531490862471,60.86171616893615
20250625,20,LMA,ELC,59.12224077984843,60.19764926558318
20250625,21,LMA,ELC,68.33636852570238,62.06675453056173
20250625,22,LMA,ELC,55.59950602618176,58.187417352494265
20250625,23,LMA,ELC,49.253650878547035,60.59680216317352
20250625,24,LMA,ELC,68.18973926241298,59.52568927036064
20250625,25,LMA,ELC,57.92205119242712,59.81454790027641
20250625,26,LMA,ELC,64.38377917791148,61.65613166773008
20250625,27,LMA,ELC,66.18787611025361,63.29101305162761
20250625,28,LMA,ELC,71.38537934830146,61.898592099705326
20250625,29,LMA,ELC,63.76331836906208,65.64636085829422
20250625,30,LMA,ELC,64.64987078767045,66.1750609148377
20250625,31,LMA,ELC,64.86028619175698,66.42071934835705
20250625,32,LMA,ELC,65.79261490837642,68.87373212590397
20250625,33,LMA,ELC,93.83839748591508,65.74820477859227
20250625,34,LMA,ELC,69.56824369555478,66.82527522499704
20250625,35,LMA,ELC,72.94165001152237,65.70275432148497
20250625,36,LMA,ELC,63.038590490082115,66.27609966193087
20250625,37,LMA,ELC,63.299493240409134,66.25173689474977
20250625,38,LMA,ELC,67.75992566161347,66.18429221788959
20250625,39,LMA,ELC,68.80850266509972,63.05551203803787
20250625,40,LMA,ELC,60.23954972600186,64.27942638570187
20250625,41,LMA,ELC,62.619009880789754,64.04862990130813
20250625,42,LMA,ELC,48.43372368643771,64.44166469165889
20250625,43,LMA,ELC,42.94979440559432,63.33356659271694
20250625,44,LMA,ELC,58.81663920742562,58.422894944661806
20250625,45,LMA,ELC,68.40748330619468,73.27935736421335
20250625,46,LMA,ELC,58.87032617342879,82.02719653757154
20250625,47,LMA,ELC,65.87314153539936,67.41881427744318
20250625,48,LMA,ELC,68.32369596969231,69.90539210186353
20250625,49,LMA,ELC,77.51804377964378,67.50231734409967
20250625,50,LMA,ELC,69.29198058164363,66.21339164525624
20250625,51,LMA,ELC,62.527478393491336,61.96728158903053
20250625,52,LMA,ELC,66.32248790336963,80.80927810204209
20250625,53,LMA,ELC,59.55007934682505,65.8396111209103
20250625,54,LMA,ELC,62.86739058996354,66.37657194081758
20250625,55,LMA,ELC,70.71823367277311,61.09592745769706
20250625,56,LMA,ELC,70.93496903135102,61.44842235806641
20250625,57,LMA,ELC,62.25342083710607,57.1962477489459
20250625,58,LMA,ELC,62.509695442391546,59.871964903266054
20250625,59,LMA,ELC,62.13645535549148,63.47374543778486
20250625,60,LMA,ELC,58.997536010837244,64.31851774253663
20250625,1,LMA,ELC3,61.988438289659115,63.75723273261572
20250625,2,LMA,ELC3,63.7501583779836,67.29302057078812
20250625,3,LMA,ELC3,60.89118494129543,66.77958681564954
20250625,4,LMA,ELC3,64.43663548568709,65.01778757619894
20250625,5,LMA,ELC3,60.908420069445135,65.58305881080399
20250625,6,LMA,ELC3,59.923747230726725,62.483436889063114
20250625,7,LMA,ELC3,63.45104277519168,66.10658618790505
20250625,8,LMA,ELC3,69.80738155315258,62.92734584595337
20250625,9,LMA,ELC3,58.55980759981754,64.25475702542961
20250625,10,LMA,ELC3,57.874709865043606,66.3976566178966
20250625,11,LMA,ELC3,63.21731556555312,60.967352784936296
20250625,12,LMA,ELC3,67.35067578880545,64.66176947912817
20250625,13,LMA,ELC3,63.1742539140036,64.4729911178278
20250625,14,LMA,ELC3,63.49758622518404,64.5750892368455
20250625,15,LMA,ELC3,60.581077639517126,64.89212264087914
20250625,16,LMA,ELC3,59.09475593470243,61.290329948981395
20250625,17,LMA,ELC3,58.65230896958341,59.72751683676467
20250625,18,LMA,ELC3,67.10889257500254,58.749966354837824
20250625,19,LMA,ELC3,58.0531490862471,60.86171616893615
20250625,20,LMA,ELC3,59.12224077984843,60.19764926558318
20250625,21,LMA,ELC3,68.33636852570238,62.06675453056173
20250625,22,LMA,ELC3,55.59950602618176,58.187417352494265
20250625,23,LMA,ELC3,49.253650878547035,60.59680216317352
20250625,24,LMA,ELC3,68.18973926241298,59.52568927036064
20250625,25,LMA,ELC3,57.92205119242712,59.81454790027641
20250625,26,LMA,ELC3,64.38377917791148,61.65613166773008
20250625,27,LMA,ELC3,66.18787611025361,63.29101305162761
20250625,28,LMA,ELC3,71.38537934830146,61.898592099705326
20250625,29,LMA,ELC3,63.76331836906208,65.64636085829422
20250625,30,LMA,ELC3,64.64987078767045,66.1750609148377
20250625,31,LMA,ELC3,64.86028619175698,66.42071934835705
20250625,32,LMA,ELC3,65.79261490837642,68.87373212590397
20250625,33,LMA,ELC3,93.83839748591508,65.74820477859227
20250625,34,LMA,ELC3,69.56824369555478,66.82527522499704
20250625,35,LMA,ELC3,72.94165001152237,65.70275432148497
20250625,36,LMA,ELC3,63.038590490082115,66.27609966193087
20250625,37,LMA,ELC3,63.299493240409134,66.25173689474977
20250625,38,LMA,ELC3,67.75992566161347,66.18429221788959
20250625,39,LMA,ELC3,68.80850266509972,63.05551203803787
20250625,40,LMA,ELC3,60.23954972600186,64.27942638570187
20250625,41,LMA,ELC3,62.619009880789754,64.04862990130813
20250625,42,LMA,ELC3,48.43372368643771,64.44166469165889
20250625,43,LMA,ELC3,42.94979440559432,63.33356659271694
20250625,44,LMA,ELC3,58.81663920742562,58.422894944661806
20250625,45,LMA,ELC3,68.40748330619468,73.27935736421335
20250625,46,LMA,ELC3,58.87032617342879,82.02719653757154
20250625,47,LMA,ELC3,65.87314153539936,67.41881427744318
20250625,48,LMA,ELC3,68.32369596969231,69.90539210186353
20250625,49,LMA,ELC3,77.51804377964378,67.50231734409967
20250625,50,LMA,ELC3,69.29198058164363,66.21339164525624
20250625,51,LMA,ELC3,62.527478393491336,61.96728158903053
20250625,52,LMA,ELC3,66.32248790336963,80.80927810204209
20250625,53,LMA,ELC3,59.55007934682505,65.8396111209103
20250625,54,LMA,ELC3,62.86739058996354,66.37657194081758
20250625,55,LMA,ELC3,70.71823367277311,61.09592745769706
20250625,56,LMA,ELC3,70.93496903135102,61.44842235806641
20250625,57,LMA,ELC3,62.25342083710607,57.1962477489459
20250625,58,LMA,ELC3,62.509695442391546,59.871964903266054
20250625,59,LMA,ELC3,62.13645535549148,63.47374543778486
20250625,60,LMA,ELC3,58.997536010837244,64.31851774253663
20250625,1,LAI,RTM,1.978,2.0235499999999993
20250625,2,LAI,RTM,2.223,2.1462500000000015
20250625,3,LAI,RTM,2.149,2.162910000000002
20250625,4,LAI,RTM,2.252,2.0174200000000004
20250625,5,LAI,RTM,2.449,1.9414199999999995
20250625,6,LAI,RTM,1.628,1.6428899999999995
20250625,7,LAI,RTM,1.773,1.781889999999998
20250625,8,LAI,RTM,2.081,1.7638699999999985
20250625,9,LAI,RTM,1.833,1.9349100000000004
20250625,10,LAI,RTM,1.883,1.9271399999999996
20250625,11,LAI,RTM,1.596,1.667569999999997
20250625,12,LAI,RTM,1.725,1.7688299999999981
20250625,13,LAI,RTM,1.702,1.7978999999999983
20250625,14,LAI,RTM,1.737,1.8112899999999985
20250625,15,LAI,RTM,1.929,1.7150899999999982
20250625,16,LAI,RTM,0.5901,0.7002650000000004
20250625,17,LAI,RTM,0.8069,0.7259100000000006
20250625,18,LAI,RTM,0.7125,0.7225139999999997
20250625,19,LAI,RTM,0.934,0.9911220000000004
20250625,20,LAI,RTM,0.9062,1.0181900000000004
20250625,21,LAI,RTM,0.7115,0.7134990000000004
20250625,22,LAI,RTM,0.9567,0.8440330000000003
20250625,23,LAI,RTM,0.7539,0.9883769999999998
20250625,24,LAI,RTM,0.6707,0.8430960000000003
20250625,25,LAI,RTM,0.5831,0.7970540000000002
20250625,26,LAI,RTM,1.533,1.9211699999999983
20250625,27,LAI,RTM,2.051,2.0753100000000013
20250625,28,LAI,RTM,1.825,2.0183500000000003
20250625,29,LAI,RTM,1.863,2.1260800000000004
20250625,30,LAI,RTM,2.008,2.1253600000000006
20250625,31,LAI,RTM,1.91,1.970869999999998
20250625,32,LAI,RTM,1.86,2.035029999999999
20250625,33,LAI,RTM,2.46,2.081020000000002
20250625,34,LAI,RTM,2.63,2.2030900000000004
20250625,35,LAI,RTM,2.14,2.0441299999999982
20250625,36,LAI,RTM,1.59,1.8415699999999984
20250625,37,LAI,RTM,1.93,1.8336099999999975
20250625,38,LAI,RTM,1.98,2.0784399999999996
20250625,39,LAI,RTM,1.73,1.7144099999999982
20250625,40,LAI,RTM,1.57,1.9620699999999989
20250625,41,LAI,RTM,0.53,0.7252100000000002
20250625,42,LAI,RTM,0.93,0.6326390000000006
20250625,43,LAI,RTM,0.75,0.7813810000000003
20250625,44,LAI,RTM,0.84,0.6750399999999998
20250625,45,LAI,RTM,0.57,0.6326390000000006
20250625,46,LAI,RTM,1.95,1.8922799999999997
20250625,47,LAI,RTM,2.36,2.2474499999999993
20250625,48,LAI,RTM,2.26,2.31419
20250625,49,LAI,RTM,2.0,2.1978099999999996
20250625,50,LAI,RTM,1.88,2.1649999999999987
20250625,51,LAI,RTM,1.28,1.7741289999999987
20250625,52,LAI,RTM,1.53,1.313454
20250625,53,LAI,RTM,1.85,1.5911669999999998
20250625,54,LAI,RTM,1.97,1.946059999999997
20250625,55,LAI,RTM,1.72,1.7704289999999987
20250625,56,LAI,RTM,0.77,0.7252600000000006
20250625,57,LAI,RTM,0.95,0.8759549999999998
20250625,58,LAI,RTM,0.99,0.7947999999999996
20250625,59,LAI,RTM,0.92,0.7866229999999997
20250625,60,LAI,RTM,0.8,0.8039230000000009
20250625,1,LAI,ELC,1.978,2.04965
20250625,2,LAI,ELC,2.223,2.147140000000002
20250625,3,LAI,ELC,2.149,2.133860000000001
20250625,4,LAI,ELC,2.252,1.9741400000000011
20250625,5,LAI,ELC,2.449,1.9093899999999986
20250625,6,LAI,ELC,1.628,1.63443
20250625,7,LAI,ELC,1.773,1.8587499999999977
20250625,8,LAI,ELC,2.081,1.782619999999998
20250625,9,LAI,ELC,1.833,1.8010999999999984
20250625,10,LAI,ELC,1.883,1.9777299999999978
20250625,11,LAI,ELC,1.596,1.6641699999999977
20250625,12,LAI,ELC,1.725,1.8210099999999982
20250625,13,LAI,ELC,1.702,1.8789099999999994
20250625,14,LAI,ELC,1.737,1.8655299999999988
20250625,15,LAI,ELC,1.929,1.8941999999999997
20250625,16,LAI,ELC,0.5901,0.7039700000000007
20250625,17,LAI,ELC,0.8069,0.7111450000000005
20250625,18,LAI,ELC,0.7125,0.7073309999999995
20250625,19,LAI,ELC,0.934,0.9874610000000006
20250625,20,LAI,ELC,0.9062,1.0501000000000003
20250625,21,LAI,ELC,0.7115,0.6303580000000002
20250625,22,LAI,ELC,0.9567,0.8154790000000008
20250625,23,LAI,ELC,0.7539,0.9607480000000004
20250625,24,LAI,ELC,0.6707,0.7868770000000009
20250625,25,LAI,ELC,0.5831,0.775861
20250625,26,LAI,ELC,1.533,1.9190999999999996
20250625,27,LAI,ELC,2.051,2.1058600000000016
20250625,28,LAI,ELC,1.825,2.1189300000000015
20250625,29,LAI,ELC,1.863,2.1040400000000004
20250625,30,LAI,ELC,2.008,2.089160000000001
20250625,31,LAI,ELC,1.91,1.9574199999999993
20250625,32,LAI,ELC,1.86,2.093089999999999
20250625,33,LAI,ELC,2.46,2.2719000000000036
20250625,34,LAI,ELC,2.63,2.187719999999999
20250625,35,LAI,ELC,2.14,2.0572899999999987
20250625,36,LAI,ELC,1.59,1.859759999999998
20250625,37,LAI,ELC,1.93,1.8657499999999982
20250625,38,LAI,ELC,1.98,1.973770000000001
20250625,39,LAI,ELC,1.73,1.7339299999999982
20250625,40,LAI,ELC,1.57,1.842509999999999
20250625,41,LAI,ELC,0.53,0.7227190000000004
20250625,42,LAI,ELC,0.93,0.6540440000000005
20250625,43,LAI,ELC,0.75,0.7475890000000003
20250625,44,LAI,ELC,0.84,0.6804359999999999
20250625,45,LAI,ELC,0.57,0.6540440000000005
20250625,46,LAI,ELC,1.95,1.9842200000000008
20250625,47,LAI,ELC,2.36,2.0539799999999993
20250625,48,LAI,ELC,2.26,2.3588900000000006
20250625,49,LAI,ELC,2.0,2.1883599999999994
20250625,50,LAI,ELC,1.88,1.9813899999999989
20250625,51,LAI,ELC,1.28,1.773728999999999
20250625,52,LAI,ELC,1.53,1.329537
20250625,53,LAI,ELC,1.85,1.60242
20250625,54,LAI,ELC,1.97,1.8877399999999995
20250625,55,LAI,ELC,1.72,1.7715289999999988
20250625,56,LAI,ELC,0.77,0.7055700000000006
20250625,57,LAI,ELC,0.95,0.9025949999999995
20250625,58,LAI,ELC,0.99,0.8243679999999997
20250625,59,LAI,ELC,0.92,0.8065250000000002
20250625,60,LAI,ELC,0.8,0.851773
20250625,1,LAI,ELC3,1.978,2.04965
20250625,2,LAI,ELC3,2.223,2.147140000000002
20250625,3,LAI,ELC3,2.149,2.133860000000001
20250625,4,LAI,ELC3,2.252,1.9741400000000011
20250625,5,LAI,ELC3,2.449,1.9093899999999986
20250625,6,LAI,ELC3,1.628,1.63443
20250625,7,LAI,ELC3,1.773,1.8587499999999977
20250625,8,LAI,ELC3,2.081,1.782619999999998
20250625,9,LAI,ELC3,1.833,1.8010999999999984
20250625,10,LAI,ELC3,1.883,1.9777299999999978
20250625,11,LAI,ELC3,1.596,1.6641699999999977
20250625,12,LAI,ELC3,1.725,1.8210099999999982
20250625,13,LAI,ELC3,1.702,1.8789099999999994
20250625,14,LAI,ELC3,1.737,1.8655299999999988
20250625,15,LAI,ELC3,1.929,1.8941999999999997
20250625,16,LAI,ELC3,0.5901,0.7039700000000007
20250625,17,LAI,ELC3,0.8069,0.7111450000000005
20250625,18,LAI,ELC3,0.7125,0.7073309999999995
20250625,19,LAI,ELC3,0.934,0.9874610000000006
20250625,20,LAI,ELC3,0.9062,1.0501000000000003
20250625,21,LAI,ELC3,0.7115,0.6303580000000002
20250625,22,LAI,ELC3,0.9567,0.8154790000000008
20250625,23,LAI,ELC3,0.7539,0.9607480000000004
20250625,24,LAI,ELC3,0.6707,0.7868770000000009
20250625,25,LAI,ELC3,0.5831,0.775861
20250625,26,LAI,ELC3,1.533,1.9190999999999996
20250625,27,LAI,ELC3,2.051,2.1058600000000016
20250625,28,LAI,ELC3,1.825,2.1189300000000015
20250625,29,LAI,ELC3,1.863,2.1040400000000004
20250625,30,LAI,ELC3,2.008,2.089160000000001
20250625,31,LAI,ELC3,1.91,1.9574199999999993
20250625,32,LAI,ELC3,1.86,2.093089999999999
20250625,33,LAI,ELC3,2.46,2.2719000000000036
20250625,34,LAI,ELC3,2.63,2.187719999999999
20250625,35,LAI,ELC3,2.14,2.0572899999999987
20250625,36,LAI,ELC3,1.59,1.859759999999998
20250625,37,LAI,ELC3,1.93,1.8657499999999982
20250625,38,LAI,ELC3,1.98,1.973770000000001
20250625,39,LAI,ELC3,1.73,1.7339299999999982
20250625,40,LAI,ELC3,1.57,1.842509999999999
20250625,41,LAI,ELC3,0.53,0.7227190000000004
20250625,42,LAI,ELC3,0.93,0.6540440000000005
20250625,43,LAI,ELC3,0.75,0.7475890000000003
20250625,44,LAI,ELC3,0.84,0.6804359999999999
20250625,45,LAI,ELC3,0.57,0.6540440000000005
20250625,46,LAI,ELC3,1.95,1.9842200000000008
20250625,47,LAI,ELC3,2.36,2.0539799999999993
20250625,48,LAI,ELC3,2.26,2.3588900000000006
20250625,49,LAI,ELC3,2.0,2.1883599999999994
20250625,50,LAI,ELC3,1.88,1.9813899999999989
20250625,51,LAI,ELC3,1.28,1.773728999999999
20250625,52,LAI,ELC3,1.53,1.329537
20250625,53,LAI,ELC3,1.85,1.60242
20250625,54,LAI,ELC3,1.97,1.8877399999999995
20250625,55,LAI,ELC3,1.72,1.7715289999999988
20250625,56,LAI,ELC3,0.77,0.7055700000000006
20250625,57,LAI,ELC3,0.95,0.9025949999999995
20250625,58,LAI,ELC3,0.99,0.8243679999999997
20250625,59,LAI,ELC3,0.92,0.8065250000000002
20250625,60,LAI,ELC3,0.8,0.851773
20250625,1,LNC,RTM,2.511,2.734889999999999
20250625,2,LNC,RTM,3.052,3.5613800000000015
20250625,3,LNC,RTM,3.393,3.5685700000000016
20250625,4,LNC,RTM,3.514,3.3436799999999987
20250625,5,LNC,RTM,2.718,3.191340000000002
20250625,6,LNC,RTM,2.091,2.411149999999997
20250625,7,LNC,RTM,2.777,2.7868799999999987
20250625,8,LNC,RTM,3.028,2.6974899999999975
20250625,9,LNC,RTM,2.694,2.9969499999999996
20250625,10,LNC,RTM,2.464,2.7826199999999988
20250625,11,LNC,RTM,2.255,2.39133
20250625,12,LNC,RTM,2.249,2.610529999999999
20250625,13,LNC,RTM,2.555,2.6540299999999992
20250625,14,LNC,RTM,2.363,2.653999999999999
20250625,15,LNC,RTM,2.526,2.80294
20250625,16,LNC,RTM,2.161,2.0528200000000023
20250625,17,LNC,RTM,2.291,1.9871800000000013
20250625,18,LNC,RTM,2.538,2.1253299999999995
20250625,19,LNC,RTM,2.099,2.2578100000000005
20250625,20,LNC,RTM,2.461,2.2577999999999974
20250625,21,LNC,RTM,1.931,2.1855199999999995
20250625,22,LNC,RTM,1.871,2.1506699999999985
20250625,23,LNC,RTM,2.071,2.1730800000000006
20250625,24,LNC,RTM,2.373,2.21191
20250625,25,LNC,RTM,2.156,2.214519999999999
20250625,26,LNC,RTM,2.927,2.6457199999999994
20250625,27,LNC,RTM,3.352,3.256320000000001
20250625,28,LNC,RTM,3.434,2.6563499999999998
20250625,29,LNC,RTM,3.806,3.3228300000000024
20250625,30,LNC,RTM,3.47,3.529630000000001
20250625,31,LNC,RTM,3.399,2.92338
20250625,32,LNC,RTM,3.507,3.49306
20250625,33,LNC,RTM,3.161,3.544150000000004
20250625,34,LNC,RTM,2.864,3.375250000000002
20250625,35,LNC,RTM,3.559,3.236840000000001
20250625,36,LNC,RTM,2.582,3.06759
20250625,37,LNC,RTM,3.226,2.6697699999999984
20250625,38,LNC,RTM,2.998,3.1011400000000005
20250625,39,LNC,RTM,2.998,2.7007399999999957
20250625,40,LNC,RTM,2.555,2.928779999999998
20250625,41,LNC,RTM,2.192,2.03595
20250625,42,LNC,RTM,2.148,2.0073299999999996
20250625,43,LNC,RTM,2.051,2.2274699999999994
20250625,44,LNC,RTM,2.141,2.1544500000000006
20250625,45,LNC,RTM,2.559,2.0404299999999993
20250625,46,LNC,RTM,4.147,3.1791500000000026
20250625,47,LNC,RTM,3.504,3.3834000000000026
20250625,48,LNC,RTM,3.552,3.3574800000000016
20250625,49,LNC,RTM,3.711,3.3689900000000024
20250625,50,LNC,RTM,3.458,3.2557900000000024
20250625,51,LNC,RTM,2.836,3.1422800000000013
20250625,52,LNC,RTM,3.495,2.8784100000000006
20250625,53,LNC,RTM,3.427,2.946660000000002
20250625,54,LNC,RTM,2.637,3.6374900000000023
20250625,55,LNC,RTM,2.867,3.2960300000000036
20250625,56,LNC,RTM,2.04,2.015220000000002
20250625,57,LNC,RTM,2.379,2.2407000000000004
20250625,58,LNC,RTM,2.117,2.180780000000001
20250625,59,LNC,RTM,1.881,1.9211999999999978
20250625,60,LNC,RTM,1.594,2.1512699999999993
20250625,1,LNC,ELC,2.511,2.945349999999999
20250625,2,LNC,ELC,3.052,3.5327400000000018
20250625,3,LNC,ELC,3.393,3.4732300000000023
20250625,4,LNC,ELC,3.514,3.3267
20250625,5,LNC,ELC,2.718,3.149840000000002
20250625,6,LNC,ELC,2.091,2.4221599999999976
20250625,7,LNC,ELC,2.777,2.458019999999997
20250625,8,LNC,ELC,3.028,2.6074199999999963
20250625,9,LNC,ELC,2.694,2.6839799999999996
20250625,10,LNC,ELC,2.464,2.8975199999999988
20250625,11,LNC,ELC,2.255,2.3422599999999996
20250625,12,LNC,ELC,2.249,2.9037399999999964
20250625,13,LNC,ELC,2.555,2.697899999999998
20250625,14,LNC,ELC,2.363,2.7302199999999983
20250625,15,LNC,ELC,2.526,2.726329999999999
20250625,16,LNC,ELC,2.161,2.0325200000000017
20250625,17,LNC,ELC,2.291,2.035380000000002
20250625,18,LNC,ELC,2.538,2.1689699999999994
20250625,19,LNC,ELC,2.099,2.359339999999999
20250625,20,LNC,ELC,2.461,2.2114999999999974
20250625,21,LNC,ELC,1.931,2.159410000000001
20250625,22,LNC,ELC,1.871,2.2048099999999975
20250625,23,LNC,ELC,2.071,2.2620899999999984
20250625,24,LNC,ELC,2.373,2.2720000000000002
20250625,25,LNC,ELC,2.156,2.302569999999999
20250625,26,LNC,ELC,2.927,2.659459999999998
20250625,27,LNC,ELC,3.352,3.007150000000001
20250625,28,LNC,ELC,3.434,2.74438
20250625,29,LNC,ELC,3.806,3.335440000000001
20250625,30,LNC,ELC,3.47,3.553070000000001
20250625,31,LNC,ELC,3.399,3.183349999999999
20250625,32,LNC,ELC,3.507,3.435100000000001
20250625,33,LNC,ELC,3.161,3.7498600000000004
20250625,34,LNC,ELC,2.864,3.414490000000002
20250625,35,LNC,ELC,3.559,3.304400000000001
20250625,36,LNC,ELC,2.582,3.2034500000000015
20250625,37,LNC,ELC,3.226,2.8200799999999977
20250625,38,LNC,ELC,2.998,3.19374
20250625,39,LNC,ELC,2.998,2.5833499999999985
20250625,40,LNC,ELC,2.555,2.6814799999999974
20250625,41,LNC,ELC,2.192,2.0502200000000004
20250625,42,LNC,ELC,2.148,2.0587700000000004
20250625,43,LNC,ELC,2.051,2.181159999999999
20250625,44,LNC,ELC,2.141,2.133690000000001
20250625,45,LNC,ELC,2.559,2.11214
20250625,46,LNC,ELC,4.147,3.3108600000000035
20250625,47,LNC,ELC,3.504,3.395050000000003
20250625,48,LNC,ELC,3.552,3.257620000000001
20250625,49,LNC,ELC,3.711,3.411520000000004
20250625,50,LNC,ELC,3.458,3.26484
20250625,51,LNC,ELC,2.836,3.1074000000000006
20250625,52,LNC,ELC,3.495,3.0310900000000016
20250625,53,LNC,ELC,3.427,3.1388800000000026
20250625,54,LNC,ELC,2.637,3.2888700000000024
20250625,55,LNC,ELC,2.867,3.307810000000003
20250625,56,LNC,ELC,2.04,2.030320000000002
20250625,57,LNC,ELC,2.379,2.1478599999999983
20250625,58,LNC,ELC,2.117,1.9861799999999985
20250625,59,LNC,ELC,1.881,2.032929999999998
20250625,60,LNC,ELC,1.594,2.1590299999999996
20250625,1,LNC,ELC3,2.511,2.945349999999999
20250625,2,LNC,ELC3,3.052,3.5327400000000018
20250625,3,LNC,ELC3,3.393,3.4732300000000023
20250625,4,LNC,ELC3,3.514,3.3267
20250625,5,LNC,ELC3,2.718,3.149840000000002
20250625,6,LNC,ELC3,2.091,2.4221599999999976
20250625,7,LNC,ELC3,2.777,2.458019999999997
20250625,8,LNC,ELC3,3.028,2.6074199999999963
20250625,9,LNC,ELC3,2.694,2.6839799999999996
20250625,10,LNC,ELC3,2.464,2.8975199999999988
20250625,11,LNC,ELC3,2.255,2.3422599999999996
20250625,12,LNC,ELC3,2.249,2.9037399999999964
20250625,13,LNC,ELC3,2.555,2.697899999999998
20250625,14,LNC,ELC3,2.363,2.7302199999999983
20250625,15,LNC,ELC3,2.526,2.726329999999999
20250625,16,LNC,ELC3,2.161,2.0325200000000017
20250625,17,LNC,ELC3,2.291,2.035380000000002
20250625,18,LNC,ELC3,2.538,2.1689699999999994
20250625,19,LNC,ELC3,2.099,2.359339999999999
20250625,20,LNC,ELC3,2.461,2.2114999999999974
20250625,21,LNC,ELC3,1.931,2.159410000000001
20250625,22,LNC,ELC3,1.871,2.2048099999999975
20250625,23,LNC,ELC3,2.071,2.2620899999999984
20250625,24,LNC,ELC3,2.373,2.2720000000000002
20250625,25,LNC,ELC3,2.156,2.302569999999999
20250625,26,LNC,ELC3,2.927,2.659459999999998
20250625,27,LNC,ELC3,3.352,3.007150000000001
20250625,28,LNC,ELC3,3.434,2.74438
20250625,29,LNC,ELC3,3.806,3.335440000000001
20250625,30,LNC,ELC3,3.47,3.553070000000001
20250625,31,LNC,ELC3,3.399,3.183349999999999
20250625,32,LNC,ELC3,3.507,3.435100000000001
20250625,33,LNC,ELC3,3.161,3.7498600000000004
20250625,34,LNC,ELC3,2.864,3.414490000000002
20250625,35,LNC,ELC3,3.559,3.304400000000001
20250625,36,LNC,ELC3,2.582,3.2034500000000015
20250625,37,LNC,ELC3,3.226,2.8200799999999977
20250625,38,LNC,ELC3,2.998,3.19374
20250625,39,LNC,ELC3,2.998,2.5833499999999985
20250625,40,LNC,ELC3,2.555,2.6814799999999974
20250625,41,LNC,ELC3,2.192,2.0502200000000004
20250625,42,LNC,ELC3,2.148,2.0587700000000004
20250625,43,LNC,ELC3,2.051,2.181159999999999
20250625,44,LNC,ELC3,2.141,2.133690000000001
20250625,45,LNC,ELC3,2.559,2.11214
20250625,46,LNC,ELC3,4.147,3.3108600000000035
20250625,47,LNC,ELC3,3.504,3.395050000000003
20250625,48,LNC,ELC3,3.552,3.257620000000001
20250625,49,LNC,ELC3,3.711,3.411520000000004
20250625,50,LNC,ELC3,3.458,3.26484
20250625,51,LNC,ELC3,2.836,3.1074000000000006
20250625,52,LNC,ELC3,3.495,3.0310900000000016
20250625,53,LNC,ELC3,3.427,3.1388800000000026
20250625,54,LNC,ELC3,2.637,3.2888700000000024
20250625,55,LNC,ELC3,2.867,3.307810000000003
20250625,56,LNC,ELC3,2.04,2.030320000000002
20250625,57,LNC,ELC3,2.379,2.1478599999999983
20250625,58,LNC,ELC3,2.117,1.9861799999999985
20250625,59,LNC,ELC3,1.881,2.032929999999998
20250625,60,LNC,ELC3,1.594,2.1590299999999996
20250625,1,CNC,RTM,3.078815717826707,3.419338238972502
20250625,2,CNC,RTM,4.325190695306341,4.747288901757737
20250625,3,CNC,RTM,4.439915457969972,4.856501187781486
20250625,4,CNC,RTM,5.099211191417783,4.462852648160013
20250625,5,CNC,RTM,4.054297109986933,4.24032518249657
20250625,6,CNC,RTM,2.0398930428798394,2.5982377355482216
20250625,7,CNC,RTM,3.1240888667983207,3.1482979341411834
20250625,8,CNC,RTM,4.3987501954467065,2.968473906359218
20250625,9,CNC,RTM,2.891743030282742,3.8608916770018284
20250625,10,CNC,RTM,2.6852198585736122,3.4235610621687096
20250625,11,CNC,RTM,2.2751785437411436,2.5118604739765886
20250625,12,CNC,RTM,2.6128863048956545,3.0765639682366843
20250625,13,CNC,RTM,2.7472019231297518,3.327991239303196
20250625,14,CNC,RTM,2.606278110864409,3.3261028130464028
20250625,15,CNC,RTM,2.9519063028450363,2.919607141281732
20250625,16,CNC,RTM,0.7535799324594373,0.8656679375520566
20250625,17,CNC,RTM,1.0842512171441274,0.8866573416782769
20250625,18,CNC,RTM,1.2135468816569148,0.9108178161251788
20250625,19,CNC,RTM,1.1381122497651852,1.371748023132966
20250625,20,CNC,RTM,1.3185195007755337,1.5225318075090277
20250625,21,CNC,RTM,0.9388778090385794,0.9831047524477888
20250625,22,CNC,RTM,0.9952232071392918,1.0225244729212044
20250625,23,CNC,RTM,0.7690105003988413,1.1905440450165996
20250625,24,CNC,RTM,1.0852881832659182,1.1025381392937497
20250625,25,CNC,RTM,0.7281749439645596,1.056437882489611
20250625,26,CNC,RTM,2.88895876095194,3.1065658469081625
20250625,27,CNC,RTM,4.550384712399403,4.448722574856673
20250625,28,CNC,RTM,4.473757416447726,3.6438483660233385
20250625,29,CNC,RTM,4.521187824346674,4.590109650800226
20250625,30,CNC,RTM,4.504647836794987,4.87409421310383
20250625,31,CNC,RTM,4.210788153826436,4.025135003773044
20250625,32,CNC,RTM,4.291665428996376,5.869839436787228
20250625,33,CNC,RTM,7.296930091543248,5.0492201632766935
20250625,34,CNC,RTM,5.240102733529012,4.869968997398909
20250625,35,CNC,RTM,5.555425713167574,4.641710939519445
20250625,36,CNC,RTM,2.587973686261733,3.6034076455904596
20250625,37,CNC,RTM,3.9411403882357052,3.0502517102966675
20250625,38,CNC,RTM,4.02225629124364,4.247891762552429
20250625,39,CNC,RTM,3.5687805141264626,2.992905987208666
20250625,40,CNC,RTM,2.416419177933976,3.8208106195905756
20250625,41,CNC,RTM,0.7274826091910631,0.919444992474878
20250625,42,CNC,RTM,0.9675314378497545,0.8795519151490044
20250625,43,CNC,RTM,0.6606752124440547,1.0296056364167936
20250625,44,CNC,RTM,1.0577819661620251,0.9060176006099817
20250625,45,CNC,RTM,0.9978120737491476,0.907742044626102
20250625,46,CNC,RTM,4.76063723150358,3.870618072505332
20250625,47,CNC,RTM,5.447339915384928,5.122848044695006
20250625,48,CNC,RTM,5.484698358706244,5.367427143820224
20250625,49,CNC,RTM,5.75338920932516,4.863610440848972
20250625,50,CNC,RTM,4.504699374404885,4.895418616592478
20250625,51,CNC,RTM,2.2697974876664504,3.6610257268469804
20250625,52,CNC,RTM,3.546495556900836,2.7443093610065663
20250625,53,CNC,RTM,3.7754452555490348,3.532879943238793
20250625,54,CNC,RTM,3.265891787018957,4.793694481941356
20250625,55,CNC,RTM,3.4872858261652575,3.630926747935939
20250625,56,CNC,RTM,1.1142464935444618,0.8725095457681418
20250625,57,CNC,RTM,1.4069584376290156,1.0757661846831519
20250625,58,CNC,RTM,1.3100969499902748,1.0681946229823485
20250625,59,CNC,RTM,1.0752837872178511,0.8895761901348763
20250625,60,CNC,RTM,0.7523365792101966,1.1060383782686245
20250625,1,CNC,ELC,3.078815717826707,4.180069927995568
20250625,2,CNC,ELC,4.325190695306341,4.93506849730795
20250625,3,CNC,ELC,4.439915457969972,4.869553089320513
20250625,4,CNC,ELC,5.099211191417783,4.4343521119431575
20250625,5,CNC,ELC,4.054297109986933,3.947108367052562
20250625,6,CNC,ELC,2.0398930428798394,2.6848115482392
20250625,7,CNC,ELC,3.1240888667983207,3.206124997341172
20250625,8,CNC,ELC,4.3987501954467065,2.8800510770701173
20250625,9,CNC,ELC,2.891743030282742,2.991457514442534
20250625,10,CNC,ELC,2.6852198585736122,3.8023081738744953
20250625,11,CNC,ELC,2.2751785437411436,2.4518848756010376
20250625,12,CNC,ELC,2.6128863048956545,3.5619232940160463
20250625,13,CNC,ELC,2.7472019231297518,3.779145866504393
20250625,14,CNC,ELC,2.606278110864409,3.7953361310699423
20250625,15,CNC,ELC,2.9519063028450363,3.1784689518294487
20250625,16,CNC,ELC,0.7535799324594373,0.8765765882776408
20250625,17,CNC,ELC,1.0842512171441274,0.8354590536620451
20250625,18,CNC,ELC,1.2135468816569148,0.8812420253868305
20250625,19,CNC,ELC,1.1381122497651852,1.5255905389198472
20250625,20,CNC,ELC,1.3185195007755337,1.4278495827178785
20250625,21,CNC,ELC,0.9388778090385794,0.8213792068826877
20250625,22,CNC,ELC,0.9952232071392918,0.9931910384995112
20250625,23,CNC,ELC,0.7690105003988413,1.3648488093950015
20250625,24,CNC,ELC,1.0852881832659182,1.0079255916083987
20250625,25,CNC,ELC,0.7281749439645596,1.0767296929112369
20250625,26,CNC,ELC,2.88895876095194,3.24278740901247
20250625,27,CNC,ELC,4.550384712399403,4.11153660346757
20250625,28,CNC,ELC,4.473757416447726,3.6674558840915887
20250625,29,CNC,ELC,4.521187824346674,4.543925409950143
20250625,30,CNC,ELC,4.504647836794987,4.829299796241742
20250625,31,CNC,ELC,4.210788153826436,4.015851153606321
20250625,32,CNC,ELC,4.291665428996376,4.831015686516651
20250625,33,CNC,ELC,7.296930091543248,5.146597245639495
20250625,34,CNC,ELC,5.240102733529012,4.809588691060558
20250625,35,CNC,ELC,5.555425713167574,4.791862857747039
20250625,36,CNC,ELC,2.587973686261733,3.6683024785796583
20250625,37,CNC,ELC,3.9411403882357052,3.8100964975063274
20250625,38,CNC,ELC,4.02225629124364,4.272848145051982
20250625,39,CNC,ELC,3.5687805141264626,2.7706391396810717
20250625,40,CNC,ELC,2.416419177933976,3.342845088284747
20250625,41,CNC,ELC,0.7274826091910631,0.9654411379517203
20250625,42,CNC,ELC,0.9675314378497545,0.9279005489763742
20250625,43,CNC,ELC,0.6606752124440547,1.0117135127196368
20250625,44,CNC,ELC,1.0577819661620251,0.8772505558157755
20250625,45,CNC,ELC,0.9978120737491476,0.9913055268134136
20250625,46,CNC,ELC,4.76063723150358,5.392955139973898
20250625,47,CNC,ELC,5.447339915384928,4.913303889136571
20250625,48,CNC,ELC,5.484698358706244,5.3060251593592955
20250625,49,CNC,ELC,5.75338920932516,4.908541275273534
20250625,50,CNC,ELC,4.504699374404885,4.373512641432687
20250625,51,CNC,ELC,2.2697974876664504,3.6786259419333924
20250625,52,CNC,ELC,3.546495556900836,2.597385087738746
20250625,53,CNC,ELC,3.7754452555490348,3.190515130464843
20250625,54,CNC,ELC,3.265891787018957,4.130965049229157
20250625,55,CNC,ELC,3.4872858261652575,3.6047327966167013
20250625,56,CNC,ELC,1.1142464935444618,0.8428711329168819
20250625,57,CNC,ELC,1.4069584376290156,1.1332000147875878
20250625,58,CNC,ELC,1.3100969499902748,0.9141227585093336
20250625,59,CNC,ELC,1.0752837872178511,0.9370637294927272
20250625,60,CNC,ELC,0.7523365792101966,1.1436764386686549
20250625,1,CNC,ELC3,3.078815717826707,4.180069927995568
20250625,2,CNC,ELC3,4.325190695306341,4.93506849730795
20250625,3,CNC,ELC3,4.439915457969972,4.869553089320513
20250625,4,CNC,ELC3,5.099211191417783,4.4343521119431575
20250625,5,CNC,ELC3,4.054297109986933,3.947108367052562
20250625,6,CNC,ELC3,2.0398930428798394,2.6848115482392
20250625,7,CNC,ELC3,3.1240888667983207,3.206124997341172
20250625,8,CNC,ELC3,4.3987501954467065,2.8800510770701173
20250625,9,CNC,ELC3,2.891743030282742,2.991457514442534
20250625,10,CNC,ELC3,2.6852198585736122,3.8023081738744953
20250625,11,CNC,ELC3,2.2751785437411436,2.4518848756010376
20250625,12,CNC,ELC3,2.6128863048956545,3.5619232940160463
20250625,13,CNC,ELC3,2.7472019231297518,3.779145866504393
20250625,14,CNC,ELC3,2.606278110864409,3.7953361310699423
20250625,15,CNC,ELC3,2.9519063028450363,3.1784689518294487
20250625,16,CNC,ELC3,0.7535799324594373,0.8765765882776408
20250625,17,CNC,ELC3,1.0842512171441274,0.8354590536620451
20250625,18,CNC,ELC3,1.2135468816569148,0.8812420253868305
20250625,19,CNC,ELC3,1.1381122497651852,1.5255905389198472
20250625,20,CNC,ELC3,1.3185195007755337,1.4278495827178785
20250625,21,CNC,ELC3,0.9388778090385794,0.8213792068826877
20250625,22,CNC,ELC3,0.9952232071392918,0.9931910384995112
20250625,23,CNC,ELC3,0.7690105003988413,1.3648488093950015
20250625,24,CNC,ELC3,1.0852881832659182,1.0079255916083987
20250625,25,CNC,ELC3,0.7281749439645596,1.0767296929112369
20250625,26,CNC,ELC3,2.88895876095194,3.24278740901247
20250625,27,CNC,ELC3,4.550384712399403,4.11153660346757
20250625,28,CNC,ELC3,4.473757416447726,3.6674558840915887
20250625,29,CNC,ELC3,4.521187824346674,4.543925409950143
20250625,30,CNC,ELC3,4.504647836794987,4.829299796241742
20250625,31,CNC,ELC3,4.210788153826436,4.015851153606321
20250625,32,CNC,ELC3,4.291665428996376,4.831015686516651
20250625,33,CNC,ELC3,7.296930091543248,5.146597245639495
20250625,34,CNC,ELC3,5.240102733529012,4.809588691060558
20250625,35,CNC,ELC3,5.555425713167574,4.791862857747039
20250625,36,CNC,ELC3,2.587973686261733,3.6683024785796583
20250625,37,CNC,ELC3,3.9411403882357052,3.8100964975063274
20250625,38,CNC,ELC3,4.02225629124364,4.272848145051982
20250625,39,CNC,ELC3,3.5687805141264626,2.7706391396810717
20250625,40,CNC,ELC3,2.416419177933976,3.342845088284747
20250625,41,CNC,ELC3,0.7274826091910631,0.9654411379517203
20250625,42,CNC,ELC3,0.9675314378497545,0.9279005489763742
20250625,43,CNC,ELC3,0.6606752124440547,1.0117135127196368
20250625,44,CNC,ELC3,1.0577819661620251,0.8772505558157755
20250625,45,CNC,ELC3,0.9978120737491476,0.9913055268134136
20250625,46,CNC,ELC3,4.76063723150358,5.392955139973898
20250625,47,CNC,ELC3,5.447339915384928,4.913303889136571
20250625,48,CNC,ELC3,5.484698358706244,5.3060251593592955
20250625,49,CNC,ELC3,5.75338920932516,4.908541275273534
20250625,50,CNC,ELC3,4.504699374404885,4.373512641432687
20250625,51,CNC,ELC3,2.2697974876664504,3.6786259419333924
20250625,52,CNC,ELC3,3.546495556900836,2.597385087738746
20250625,53,CNC,ELC3,3.7754452555490348,3.190515130464843
20250625,54,CNC,ELC3,3.265891787018957,4.130965049229157
20250625,55,CNC,ELC3,3.4872858261652575,3.6047327966167013
20250625,56,CNC,ELC3,1.1142464935444618,0.8428711329168819
20250625,57,CNC,ELC3,1.4069584376290156,1.1332000147875878
20250625,58,CNC,ELC3,1.3100969499902748,0.9141227585093336
20250625,59,CNC,ELC3,1.0752837872178511,0.9370637294927272
20250625,60,CNC,ELC3,0.7523365792101966,1.1436764386686549
